-- phpMyAdmin SQL Dump
-- version 4.8.3
-- https://www.phpmyadmin.net/
--
-- Host: 127.0.0.1
-- Generation Time: Feb 04, 2019 at 07:31 AM
-- Server version: 10.1.35-MariaDB
-- PHP Version: 7.2.9

SET SQL_MODE = "NO_AUTO_VALUE_ON_ZERO";
SET AUTOCOMMIT = 0;
START TRANSACTION;
SET time_zone = "+00:00";


/*!40101 SET @OLD_CHARACTER_SET_CLIENT=@@CHARACTER_SET_CLIENT */;
/*!40101 SET @OLD_CHARACTER_SET_RESULTS=@@CHARACTER_SET_RESULTS */;
/*!40101 SET @OLD_COLLATION_CONNECTION=@@COLLATION_CONNECTION */;
/*!40101 SET NAMES utf8mb4 */;

--
-- Database: `jobs`
--

-- --------------------------------------------------------

--
-- Table structure for table `admin`
--

CREATE TABLE `admin` (
  `id` int(11) NOT NULL,
  `name` varchar(50) NOT NULL,
  `email` varchar(50) NOT NULL,
  `mobile` varchar(50) NOT NULL,
  `active` tinyint(1) NOT NULL,
  `isdelete` tinyint(1) NOT NULL,
  `created_by` int(11) NOT NULL,
  `created_at` datetime NOT NULL,
  `updated_at` datetime DEFAULT NULL,
  `updated_by` int(11) DEFAULT NULL,
  `user_id` int(11) DEFAULT NULL
) ENGINE=InnoDB DEFAULT CHARSET=utf8;

--
-- Dumping data for table `admin`
--

INSERT INTO `admin` (`id`, `name`, `email`, `mobile`, `active`, `isdelete`, `created_by`, `created_at`, `updated_at`, `updated_by`, `user_id`) VALUES
(1, 'ياسر فؤاد ابوزهري', 'yaser@gmail.com', '0599535535', 0, 0, 0, '0000-00-00 00:00:00', '2019-02-02 09:23:03', 1, 1),
(3, 'yaser@yahoo.com', 'yaser@yahoo.com', '0599624984', 1, 0, 1, '2018-05-05 13:51:30', '2018-06-23 19:41:11', 1, 6),
(4, 'EntesarElBanna', 'intesar@aa.com', '0592684956', 1, 0, 1, '2018-04-25 00:00:00', '2018-06-23 19:41:12', 1, 7),
(5, 'Entesar', 'entesar.2000banna@gmail.com', '2345567878', 1, 0, 1, '2018-07-03 18:35:43', '2018-07-03 18:35:43', NULL, 8);

-- --------------------------------------------------------

--
-- Table structure for table `admin_link`
--

CREATE TABLE `admin_link` (
  `admin_id` int(11) NOT NULL,
  `link_id` int(11) NOT NULL
) ENGINE=InnoDB DEFAULT CHARSET=utf8;

-- --------------------------------------------------------

--
-- Table structure for table `category`
--

CREATE TABLE `category` (
  `id` int(11) NOT NULL,
  `name` varchar(50) NOT NULL,
  `active` tinyint(1) NOT NULL,
  `isdelete` tinyint(1) NOT NULL,
  `created_at` datetime NOT NULL,
  `updated_at` datetime DEFAULT NULL,
  `created_by` int(11) DEFAULT NULL,
  `updated_by` int(11) DEFAULT NULL
) ENGINE=InnoDB DEFAULT CHARSET=utf8;

--
-- Dumping data for table `category`
--

INSERT INTO `category` (`id`, `name`, `active`, `isdelete`, `created_at`, `updated_at`, `created_by`, `updated_by`) VALUES
(1, 'ادارة', 1, 1, '2018-04-23 13:22:57', '2018-05-16 13:10:06', 1, 1),
(2, 'محاسبة', 0, 1, '2018-04-23 13:29:57', '2018-07-04 06:41:41', 1, 1),
(3, 'هندسة', 1, 1, '2018-04-23 13:30:06', '2018-05-16 13:16:12', 1, 1),
(4, 'تكنولوجيا معلومات', 1, 0, '2018-04-23 13:30:19', '2018-04-25 12:46:57', 1, 1),
(5, 'علوم', 1, 1, '2018-04-23 13:30:23', '2018-07-03 18:47:31', 1, 1),
(6, 'طبmmm', 1, 0, '2018-04-23 13:30:27', '2018-07-04 07:37:07', 1, 1),
(7, 'تبريد وتكييف', 1, 1, '2018-04-25 12:53:23', '2018-04-25 13:02:40', 1, 1),
(8, 'هندسة12545', 0, 1, '2018-05-12 15:10:45', '2018-05-16 13:05:40', 1, 1),
(9, 'تجريب', 1, 1, '2018-05-16 12:54:39', '2018-07-03 18:41:55', 1, 1),
(10, 'جديد 5050', 1, 1, '2018-05-16 13:09:49', '2018-07-03 18:40:04', 1, 1),
(11, 'ئْ~}~ْ}', 1, 1, '2018-05-16 13:10:12', '2018-05-16 13:11:43', 1, 1),
(12, 'xd', 1, 1, '2018-05-16 13:11:23', '2018-05-16 13:11:40', 1, 1),
(13, 'kanon', 1, 1, '2018-07-04 05:22:12', '2018-07-04 06:43:00', 1, 1);

-- --------------------------------------------------------

--
-- Table structure for table `comment`
--

CREATE TABLE `comment` (
  `id` int(11) NOT NULL,
  `peopleName` text NOT NULL,
  `content` text NOT NULL
) ENGINE=InnoDB DEFAULT CHARSET=utf8;

--
-- Dumping data for table `comment`
--

INSERT INTO `comment` (`id`, `peopleName`, `content`) VALUES
(1, 'ahmed', 'gggggggggggggggg'),
(2, 'lama', 'yyyyyyyyyyyy');

-- --------------------------------------------------------

--
-- Table structure for table `company`
--

CREATE TABLE `company` (
  `id` int(11) NOT NULL,
  `name` varchar(50) NOT NULL,
  `details` text,
  `logo` varchar(50) DEFAULT NULL,
  `email` varchar(50) NOT NULL,
  `mobile` varchar(50) NOT NULL,
  `address` varchar(200) DEFAULT NULL,
  `created_at` datetime NOT NULL,
  `updated_at` datetime DEFAULT NULL,
  `active` tinyint(1) NOT NULL,
  `isdelete` tinyint(1) DEFAULT NULL,
  `updated_by` int(11) DEFAULT NULL,
  `user_id` int(11) DEFAULT NULL
) ENGINE=InnoDB DEFAULT CHARSET=utf8;

--
-- Dumping data for table `company`
--

INSERT INTO `company` (`id`, `name`, `details`, `logo`, `email`, `mobile`, `address`, `created_at`, `updated_at`, `active`, `isdelete`, `updated_by`, `user_id`) VALUES
(1, 'السقا', 'شركة السقا للاجهزة الكهربائية', '', 'info@saqqa.com', '0599624984', 'الرمال', '2018-04-30 00:00:00', NULL, 1, 0, NULL, 4),
(3, 'name', 'nnnnnnnnnnnnnn', NULL, 'name@gmail.com', '00000000', 'jjjjjjjjjj', '2019-02-01 00:00:00', NULL, 1, 0, NULL, 1),
(4, 'Entesar ElBanna', NULL, NULL, 'koko.2000banna@gmail.com', '0592684956', 'ElRemal', '2019-02-04 05:05:09', '2019-02-04 05:05:09', 1, 0, NULL, NULL),
(5, 'Entesar ElBanna', NULL, NULL, 'koko.2000banna@gmail.com', '0592684956', 'ElRemal', '2019-02-04 05:06:03', '2019-02-04 05:06:03', 1, 0, NULL, NULL),
(6, 'Entesar ElBanna', NULL, NULL, 'info@saqqa2.com', '0592684956', 'ElRemal', '2019-02-04 06:16:10', '2019-02-04 06:16:10', 1, 0, NULL, NULL);

-- --------------------------------------------------------

--
-- Table structure for table `job`
--

CREATE TABLE `job` (
  `id` int(11) NOT NULL,
  `title` varchar(100) NOT NULL,
  `company_id` int(11) NOT NULL,
  `details` text NOT NULL,
  `category_id` int(11) NOT NULL,
  `job_type_id` int(11) NOT NULL,
  `from_date` date NOT NULL,
  `to_date` date NOT NULL,
  `active` tinyint(1) NOT NULL,
  `isdelete` tinyint(1) NOT NULL,
  `created_at` datetime NOT NULL,
  `updated_at` datetime NOT NULL,
  `updated_by` int(11) NOT NULL
) ENGINE=InnoDB DEFAULT CHARSET=utf8;

--
-- Dumping data for table `job`
--

INSERT INTO `job` (`id`, `title`, `company_id`, `details`, `category_id`, `job_type_id`, `from_date`, `to_date`, `active`, `isdelete`, `created_at`, `updated_at`, `updated_by`) VALUES
(1, 'محاسب قانوني', 1, 'مطلوب ومطلوب ومطلوب مطلوب ومطلوب ومطلوب مطلوب ومطلوب ومطلوب مطلوب ومطلوب ومطلوب مطلوب ومطلوب ومطلوب مطلوب ومطلوب ومطلوب مطلوب ومطلوب ومطلوب مطلوب ومطلوب ومطلوب مطلوب ومطلوب ومطلوب مطلوب ومطلوب ومطلوب مطلوب ومطلوب ومطلوب مطلوب ومطلوب ومطلوب مطلوب ومطلوب ومطلوب مطلوب ومطلوب ومطلوب مطلوب ومطلوب ومطلوب مطلوب ومطلوب ومطلوب مطلوب ومطلوب ومطلوب مطلوب ومطلوب ومطلوب مطلوب ومطلوب ومطلوب مطلوب ومطلوب ومطلوب مطلوب ومطلوب ومطلوب مطلوب ومطلوب ومطلوب مطلوب ومطلوب ومطلوب مطلوب ومطلوب ومطلوب مطلوب ومطلوب ومطلوب مطلوب ومطلوب ومطلوب مطلوب ومطلوب ومطلوب', 6, 1, '2018-05-31', '2018-07-31', 1, 0, '2018-04-25 00:00:00', '2018-07-04 11:16:18', 1),
(2, 'مهندس كهربائي', 1, 'تفاصيل الوظيفة يكون هنا', 2, 2, '2018-05-31', '2018-06-30', 1, 0, '2018-04-30 00:00:00', '2018-05-09 13:12:39', 0),
(3, 'فني عمليات تخدير', 1, 'فني عمليات تخدير فني عمليات تخدير فني عمليات تخدير فني عمليات تخدير فني عمليات تخدير فني عمليات تخدير فني عمليات تخدير فني عمليات تخدير فني عمليات تخدير فني عمليات تخدير فني عمليات تخدير فني عمليات تخدير فني عمليات تخدير فني عمليات تخدير فني عمليات تخدير فني عمليات تخدير فني عمليات تخدير فني عمليات تخدير فني عمليات تخدير فني عمليات تخدير فني عمليات تخدير فني عمليات تخدير فني عمليات تخدير فني عمليات تخدير فني عمليات تخدير فني عمليات تخدير فني عمليات تخدير فني عمليات تخدير فني عمليات تخدير فني عمليات تخدير فني عمليات تخدير فني عمليات تخدير فني عمليات تخدير فني عمليات تخدير فني عمليات تخدير فني عمليات تخدير فني عمليات تخدير فني عمليات تخدير فني عمليات تخدير فني عمليات تخدير فني عمليات تخدير فني عمليات تخدير فني عمليات تخدير فني عمليات تخدير', 6, 1, '2018-05-09', '2018-05-09', 1, 0, '2018-05-09 12:56:23', '2018-05-09 13:08:40', 1),
(4, 'محاسب قانوني', 1, 'مطلوب ومطلوب ومطلوب مطلوب ومطلوب ومطلوب مطلوب ومطلوب ومطلوب مطلوب ومطلوب ومطلوب مطلوب ومطلوب ومطلوب مطلوب ومطلوب ومطلوب مطلوب ومطلوب ومطلوب مطلوب ومطلوب ومطلوب مطلوب ومطلوب ومطلوب مطلوب ومطلوب ومطلوب مطلوب ومطلوب ومطلوب مطلوب ومطلوب ومطلوب مطلوب ومطلوب ومطلوب مطلوب ومطلوب ومطلوب مطلوب ومطلوب ومطلوب مطلوب ومطلوب ومطلوب مطلوب ومطلوب ومطلوب مطلوب ومطلوب ومطلوب مطلوب ومطلوب ومطلوب مطلوب ومطلوب ومطلوب مطلوب ومطلوب ومطلوب مطلوب ومطلوب ومطلوب مطلوب ومطلوب ومطلوب مطلوب ومطلوب ومطلوب مطلوب ومطلوب ومطلوب مطلوب ومطلوب ومطلوب مطلوب ومطلوب ومطلوب', 6, 1, '2018-05-31', '2018-07-31', 1, 0, '2018-04-25 00:00:00', '2018-05-09 13:12:55', 1),
(5, 'مهندس كهربائي', 1, 'تفاصيل الوظيفة يكون هنا', 2, 2, '2018-05-31', '2018-06-30', 1, 0, '2018-04-30 00:00:00', '2018-05-09 13:12:39', 0),
(6, 'فني عمليات تخدير', 1, 'فني عمليات تخدير فني عمليات تخدير فني عمليات تخدير فني عمليات تخدير فني عمليات تخدير فني عمليات تخدير فني عمليات تخدير فني عمليات تخدير فني عمليات تخدير فني عمليات تخدير فني عمليات تخدير فني عمليات تخدير فني عمليات تخدير فني عمليات تخدير فني عمليات تخدير فني عمليات تخدير فني عمليات تخدير فني عمليات تخدير فني عمليات تخدير فني عمليات تخدير فني عمليات تخدير فني عمليات تخدير فني عمليات تخدير فني عمليات تخدير فني عمليات تخدير فني عمليات تخدير فني عمليات تخدير فني عمليات تخدير فني عمليات تخدير فني عمليات تخدير فني عمليات تخدير فني عمليات تخدير فني عمليات تخدير فني عمليات تخدير فني عمليات تخدير فني عمليات تخدير فني عمليات تخدير فني عمليات تخدير فني عمليات تخدير فني عمليات تخدير فني عمليات تخدير فني عمليات تخدير فني عمليات تخدير فني عمليات تخدير', 6, 1, '2018-05-09', '2018-05-09', 1, 0, '2018-05-09 12:56:23', '2018-05-09 13:08:40', 1),
(7, 'محاسب قانوني', 1, 'مطلوب ومطلوب ومطلوب مطلوب ومطلوب ومطلوب مطلوب ومطلوب ومطلوب مطلوب ومطلوب ومطلوب مطلوب ومطلوب ومطلوب مطلوب ومطلوب ومطلوب مطلوب ومطلوب ومطلوب مطلوب ومطلوب ومطلوب مطلوب ومطلوب ومطلوب مطلوب ومطلوب ومطلوب مطلوب ومطلوب ومطلوب مطلوب ومطلوب ومطلوب مطلوب ومطلوب ومطلوب مطلوب ومطلوب ومطلوب مطلوب ومطلوب ومطلوب مطلوب ومطلوب ومطلوب مطلوب ومطلوب ومطلوب مطلوب ومطلوب ومطلوب مطلوب ومطلوب ومطلوب مطلوب ومطلوب ومطلوب مطلوب ومطلوب ومطلوب مطلوب ومطلوب ومطلوب مطلوب ومطلوب ومطلوب مطلوب ومطلوب ومطلوب مطلوب ومطلوب ومطلوب مطلوب ومطلوب ومطلوب مطلوب ومطلوب ومطلوب', 6, 1, '2018-05-31', '2018-07-31', 1, 0, '2018-04-25 00:00:00', '2018-05-09 13:12:55', 1),
(8, 'مهندس كهربائي', 1, 'تفاصيل الوظيفة يكون هنا', 2, 2, '2018-05-31', '2018-06-30', 1, 0, '2018-04-30 00:00:00', '2018-05-09 13:12:39', 0),
(9, 'فني عمليات تخدير', 1, 'فني عمليات تخدير فني عمليات تخدير فني عمليات تخدير فني عمليات تخدير فني عمليات تخدير فني عمليات تخدير فني عمليات تخدير فني عمليات تخدير فني عمليات تخدير فني عمليات تخدير فني عمليات تخدير فني عمليات تخدير فني عمليات تخدير فني عمليات تخدير فني عمليات تخدير فني عمليات تخدير فني عمليات تخدير فني عمليات تخدير فني عمليات تخدير فني عمليات تخدير فني عمليات تخدير فني عمليات تخدير فني عمليات تخدير فني عمليات تخدير فني عمليات تخدير فني عمليات تخدير فني عمليات تخدير فني عمليات تخدير فني عمليات تخدير فني عمليات تخدير فني عمليات تخدير فني عمليات تخدير فني عمليات تخدير فني عمليات تخدير فني عمليات تخدير فني عمليات تخدير فني عمليات تخدير فني عمليات تخدير فني عمليات تخدير فني عمليات تخدير فني عمليات تخدير فني عمليات تخدير فني عمليات تخدير فني عمليات تخدير', 6, 1, '2018-05-09', '2018-05-09', 1, 0, '2018-05-09 12:56:23', '2018-05-09 13:08:40', 1),
(10, 'محاسب قانوني', 1, 'مطلوب ومطلوب ومطلوب مطلوب ومطلوب ومطلوب مطلوب ومطلوب ومطلوب مطلوب ومطلوب ومطلوب مطلوب ومطلوب ومطلوب مطلوب ومطلوب ومطلوب مطلوب ومطلوب ومطلوب مطلوب ومطلوب ومطلوب مطلوب ومطلوب ومطلوب مطلوب ومطلوب ومطلوب مطلوب ومطلوب ومطلوب مطلوب ومطلوب ومطلوب مطلوب ومطلوب ومطلوب مطلوب ومطلوب ومطلوب مطلوب ومطلوب ومطلوب مطلوب ومطلوب ومطلوب مطلوب ومطلوب ومطلوب مطلوب ومطلوب ومطلوب مطلوب ومطلوب ومطلوب مطلوب ومطلوب ومطلوب مطلوب ومطلوب ومطلوب مطلوب ومطلوب ومطلوب مطلوب ومطلوب ومطلوب مطلوب ومطلوب ومطلوب مطلوب ومطلوب ومطلوب مطلوب ومطلوب ومطلوب مطلوب ومطلوب ومطلوب', 6, 1, '2018-05-31', '2018-07-31', 1, 0, '2018-04-25 00:00:00', '2018-05-09 13:12:55', 1),
(11, 'مهندس كهربائي', 1, 'تفاصيل الوظيفة يكون هنا', 2, 2, '2018-05-31', '2018-06-30', 1, 0, '2018-04-30 00:00:00', '2018-05-09 13:12:39', 0),
(12, 'فني عمليات تخدير', 1, 'فني عمليات تخدير فني عمليات تخدير فني عمليات تخدير فني عمليات تخدير فني عمليات تخدير فني عمليات تخدير فني عمليات تخدير فني عمليات تخدير فني عمليات تخدير فني عمليات تخدير فني عمليات تخدير فني عمليات تخدير فني عمليات تخدير فني عمليات تخدير فني عمليات تخدير فني عمليات تخدير فني عمليات تخدير فني عمليات تخدير فني عمليات تخدير فني عمليات تخدير فني عمليات تخدير فني عمليات تخدير فني عمليات تخدير فني عمليات تخدير فني عمليات تخدير فني عمليات تخدير فني عمليات تخدير فني عمليات تخدير فني عمليات تخدير فني عمليات تخدير فني عمليات تخدير فني عمليات تخدير فني عمليات تخدير فني عمليات تخدير فني عمليات تخدير فني عمليات تخدير فني عمليات تخدير فني عمليات تخدير فني عمليات تخدير فني عمليات تخدير فني عمليات تخدير فني عمليات تخدير فني عمليات تخدير فني عمليات تخدير', 6, 1, '2018-05-09', '2018-05-09', 1, 0, '2018-05-09 12:56:23', '2018-05-09 13:08:40', 1),
(14, 'محاسب قانوني', 1, 'مطلوب ومطلوب ومطلوب مطلوب ومطلوب ومطلوب مطلوب ومطلوب ومطلوب مطلوب ومطلوب ومطلوب مطلوب ومطلوب ومطلوب مطلوب ومطلوب ومطلوب مطلوب ومطلوب ومطلوب مطلوب ومطلوب ومطلوب مطلوب ومطلوب ومطلوب مطلوب ومطلوب ومطلوب مطلوب ومطلوب ومطلوب مطلوب ومطلوب ومطلوب مطلوب ومطلوب ومطلوب مطلوب ومطلوب ومطلوب مطلوب ومطلوب ومطلوب مطلوب ومطلوب ومطلوب مطلوب ومطلوب ومطلوب مطلوب ومطلوب ومطلوب مطلوب ومطلوب ومطلوب مطلوب ومطلوب ومطلوب مطلوب ومطلوب ومطلوب مطلوب ومطلوب ومطلوب مطلوب ومطلوب ومطلوب مطلوب ومطلوب ومطلوب مطلوب ومطلوب ومطلوب مطلوب ومطلوب ومطلوب مطلوب ومطلوب ومطلوب', 6, 1, '2018-05-31', '2018-07-31', 1, 0, '2018-04-25 00:00:00', '2018-05-09 13:12:55', 1),
(15, 'مهندس كهربائي', 1, 'تفاصيل الوظيفة يكون هنا', 2, 2, '2018-05-31', '2018-06-30', 1, 0, '2018-04-30 00:00:00', '2018-05-09 13:12:39', 0),
(16, 'فني عمليات تخدير', 1, 'فني عمليات تخدير فني عمليات تخدير فني عمليات تخدير فني عمليات تخدير فني عمليات تخدير فني عمليات تخدير فني عمليات تخدير فني عمليات تخدير فني عمليات تخدير فني عمليات تخدير فني عمليات تخدير فني عمليات تخدير فني عمليات تخدير فني عمليات تخدير فني عمليات تخدير فني عمليات تخدير فني عمليات تخدير فني عمليات تخدير فني عمليات تخدير فني عمليات تخدير فني عمليات تخدير فني عمليات تخدير فني عمليات تخدير فني عمليات تخدير فني عمليات تخدير فني عمليات تخدير فني عمليات تخدير فني عمليات تخدير فني عمليات تخدير فني عمليات تخدير فني عمليات تخدير فني عمليات تخدير فني عمليات تخدير فني عمليات تخدير فني عمليات تخدير فني عمليات تخدير فني عمليات تخدير فني عمليات تخدير فني عمليات تخدير فني عمليات تخدير فني عمليات تخدير فني عمليات تخدير فني عمليات تخدير فني عمليات تخدير', 6, 1, '2018-05-09', '2018-05-09', 1, 0, '2018-05-09 12:56:23', '2018-05-09 13:08:40', 1),
(17, 'محاسب قانوني', 1, 'مطلوب ومطلوب ومطلوب مطلوب ومطلوب ومطلوب مطلوب ومطلوب ومطلوب مطلوب ومطلوب ومطلوب مطلوب ومطلوب ومطلوب مطلوب ومطلوب ومطلوب مطلوب ومطلوب ومطلوب مطلوب ومطلوب ومطلوب مطلوب ومطلوب ومطلوب مطلوب ومطلوب ومطلوب مطلوب ومطلوب ومطلوب مطلوب ومطلوب ومطلوب مطلوب ومطلوب ومطلوب مطلوب ومطلوب ومطلوب مطلوب ومطلوب ومطلوب مطلوب ومطلوب ومطلوب مطلوب ومطلوب ومطلوب مطلوب ومطلوب ومطلوب مطلوب ومطلوب ومطلوب مطلوب ومطلوب ومطلوب مطلوب ومطلوب ومطلوب مطلوب ومطلوب ومطلوب مطلوب ومطلوب ومطلوب مطلوب ومطلوب ومطلوب مطلوب ومطلوب ومطلوب مطلوب ومطلوب ومطلوب مطلوب ومطلوب ومطلوب', 6, 1, '2018-05-31', '2018-07-31', 1, 0, '2018-04-25 00:00:00', '2018-05-09 13:12:55', 1),
(18, 'مهندس كهربائي', 1, 'تفاصيل الوظيفة يكون هنا', 2, 2, '2018-05-31', '2018-06-30', 1, 0, '2018-04-30 00:00:00', '2018-05-09 13:12:39', 0),
(19, 'فني عمليات تخدير', 1, 'فني عمليات تخدير فني عمليات تخدير فني عمليات تخدير فني عمليات تخدير فني عمليات تخدير فني عمليات تخدير فني عمليات تخدير فني عمليات تخدير فني عمليات تخدير فني عمليات تخدير فني عمليات تخدير فني عمليات تخدير فني عمليات تخدير فني عمليات تخدير فني عمليات تخدير فني عمليات تخدير فني عمليات تخدير فني عمليات تخدير فني عمليات تخدير فني عمليات تخدير فني عمليات تخدير فني عمليات تخدير فني عمليات تخدير فني عمليات تخدير فني عمليات تخدير فني عمليات تخدير فني عمليات تخدير فني عمليات تخدير فني عمليات تخدير فني عمليات تخدير فني عمليات تخدير فني عمليات تخدير فني عمليات تخدير فني عمليات تخدير فني عمليات تخدير فني عمليات تخدير فني عمليات تخدير فني عمليات تخدير فني عمليات تخدير فني عمليات تخدير فني عمليات تخدير فني عمليات تخدير فني عمليات تخدير فني عمليات تخدير', 6, 1, '2018-05-09', '2018-05-09', 1, 0, '2018-05-09 12:56:23', '2018-05-09 13:08:40', 1),
(20, 'مهندس كهربائي', 1, 'تفاصيل الوظيفة يكون هنا', 2, 2, '2018-05-31', '2018-06-30', 1, 0, '2018-04-30 00:00:00', '2018-05-09 13:12:39', 0),
(21, 'مهندس كهربائي', 1, 'تفاصيل الوظيفة يكون هنا', 2, 2, '2018-05-31', '2018-06-30', 1, 0, '2018-04-30 00:00:00', '2018-05-09 13:12:39', 0),
(22, 'محاسب قانوني', 1, 'مطلوب ومطلوب ومطلوب مطلوب ومطلوب ومطلوب مطلوب ومطلوب ومطلوب مطلوب ومطلوب ومطلوب مطلوب ومطلوب ومطلوب مطلوب ومطلوب ومطلوب مطلوب ومطلوب ومطلوب مطلوب ومطلوب ومطلوب مطلوب ومطلوب ومطلوب مطلوب ومطلوب ومطلوب مطلوب ومطلوب ومطلوب مطلوب ومطلوب ومطلوب مطلوب ومطلوب ومطلوب مطلوب ومطلوب ومطلوب مطلوب ومطلوب ومطلوب مطلوب ومطلوب ومطلوب مطلوب ومطلوب ومطلوب مطلوب ومطلوب ومطلوب مطلوب ومطلوب ومطلوب مطلوب ومطلوب ومطلوب مطلوب ومطلوب ومطلوب مطلوب ومطلوب ومطلوب مطلوب ومطلوب ومطلوب مطلوب ومطلوب ومطلوب مطلوب ومطلوب ومطلوب مطلوب ومطلوب ومطلوب مطلوب ومطلوب ومطلوب', 6, 1, '2018-05-31', '2018-07-31', 1, 0, '2018-04-25 00:00:00', '2018-05-09 13:12:55', 1),
(23, 'فني عمليات تخدير', 1, 'فني عمليات تخدير فني عمليات تخدير فني عمليات تخدير فني عمليات تخدير فني عمليات تخدير فني عمليات تخدير فني عمليات تخدير فني عمليات تخدير فني عمليات تخدير فني عمليات تخدير فني عمليات تخدير فني عمليات تخدير فني عمليات تخدير فني عمليات تخدير فني عمليات تخدير فني عمليات تخدير فني عمليات تخدير فني عمليات تخدير فني عمليات تخدير فني عمليات تخدير فني عمليات تخدير فني عمليات تخدير فني عمليات تخدير فني عمليات تخدير فني عمليات تخدير فني عمليات تخدير فني عمليات تخدير فني عمليات تخدير فني عمليات تخدير فني عمليات تخدير فني عمليات تخدير فني عمليات تخدير فني عمليات تخدير فني عمليات تخدير فني عمليات تخدير فني عمليات تخدير فني عمليات تخدير فني عمليات تخدير فني عمليات تخدير فني عمليات تخدير فني عمليات تخدير فني عمليات تخدير فني عمليات تخدير فني عمليات تخدير', 6, 1, '2018-05-09', '2018-05-09', 1, 0, '2018-05-09 12:56:23', '2018-05-09 13:08:40', 1),
(24, 'محاسب قانوني', 1, 'مطلوب ومطلوب ومطلوب مطلوب ومطلوب ومطلوب مطلوب ومطلوب ومطلوب مطلوب ومطلوب ومطلوب مطلوب ومطلوب ومطلوب مطلوب ومطلوب ومطلوب مطلوب ومطلوب ومطلوب مطلوب ومطلوب ومطلوب مطلوب ومطلوب ومطلوب مطلوب ومطلوب ومطلوب مطلوب ومطلوب ومطلوب مطلوب ومطلوب ومطلوب مطلوب ومطلوب ومطلوب مطلوب ومطلوب ومطلوب مطلوب ومطلوب ومطلوب مطلوب ومطلوب ومطلوب مطلوب ومطلوب ومطلوب مطلوب ومطلوب ومطلوب مطلوب ومطلوب ومطلوب مطلوب ومطلوب ومطلوب مطلوب ومطلوب ومطلوب مطلوب ومطلوب ومطلوب مطلوب ومطلوب ومطلوب مطلوب ومطلوب ومطلوب مطلوب ومطلوب ومطلوب مطلوب ومطلوب ومطلوب مطلوب ومطلوب ومطلوب', 6, 1, '2018-05-31', '2018-07-31', 1, 0, '2018-04-25 00:00:00', '2018-05-09 13:12:55', 1),
(25, 'فني عمليات تخدير', 1, 'فني عمليات تخدير فني عمليات تخدير فني عمليات تخدير فني عمليات تخدير فني عمليات تخدير فني عمليات تخدير فني عمليات تخدير فني عمليات تخدير فني عمليات تخدير فني عمليات تخدير فني عمليات تخدير فني عمليات تخدير فني عمليات تخدير فني عمليات تخدير فني عمليات تخدير فني عمليات تخدير فني عمليات تخدير فني عمليات تخدير فني عمليات تخدير فني عمليات تخدير فني عمليات تخدير فني عمليات تخدير فني عمليات تخدير فني عمليات تخدير فني عمليات تخدير فني عمليات تخدير فني عمليات تخدير فني عمليات تخدير فني عمليات تخدير فني عمليات تخدير فني عمليات تخدير فني عمليات تخدير فني عمليات تخدير فني عمليات تخدير فني عمليات تخدير فني عمليات تخدير فني عمليات تخدير فني عمليات تخدير فني عمليات تخدير فني عمليات تخدير فني عمليات تخدير فني عمليات تخدير فني عمليات تخدير فني عمليات تخدير', 6, 1, '2018-05-09', '2018-05-09', 1, 0, '2018-05-09 12:56:23', '2018-05-09 13:08:40', 1),
(29, 'محاسب قانوني', 1, 'مطلوب ومطلوب ومطلوب مطلوب ومطلوب ومطلوب مطلوب ومطلوب ومطلوب مطلوب ومطلوب ومطلوب مطلوب ومطلوب ومطلوب مطلوب ومطلوب ومطلوب مطلوب ومطلوب ومطلوب مطلوب ومطلوب ومطلوب مطلوب ومطلوب ومطلوب مطلوب ومطلوب ومطلوب مطلوب ومطلوب ومطلوب مطلوب ومطلوب ومطلوب مطلوب ومطلوب ومطلوب مطلوب ومطلوب ومطلوب مطلوب ومطلوب ومطلوب مطلوب ومطلوب ومطلوب مطلوب ومطلوب ومطلوب مطلوب ومطلوب ومطلوب مطلوب ومطلوب ومطلوب مطلوب ومطلوب ومطلوب مطلوب ومطلوب ومطلوب مطلوب ومطلوب ومطلوب مطلوب ومطلوب ومطلوب مطلوب ومطلوب ومطلوب مطلوب ومطلوب ومطلوب مطلوب ومطلوب ومطلوب مطلوب ومطلوب ومطلوب', 6, 1, '2018-05-31', '2018-07-31', 1, 0, '2018-04-25 00:00:00', '2018-05-09 13:12:55', 1),
(30, 'مهندس كهربائي', 1, 'تفاصيل الوظيفة يكون هنا', 2, 2, '2018-05-31', '2018-06-30', 1, 0, '2018-04-30 00:00:00', '2018-05-09 13:12:39', 0),
(31, 'فني عمليات تخدير', 1, 'فني عمليات تخدير فني عمليات تخدير فني عمليات تخدير فني عمليات تخدير فني عمليات تخدير فني عمليات تخدير فني عمليات تخدير فني عمليات تخدير فني عمليات تخدير فني عمليات تخدير فني عمليات تخدير فني عمليات تخدير فني عمليات تخدير فني عمليات تخدير فني عمليات تخدير فني عمليات تخدير فني عمليات تخدير فني عمليات تخدير فني عمليات تخدير فني عمليات تخدير فني عمليات تخدير فني عمليات تخدير فني عمليات تخدير فني عمليات تخدير فني عمليات تخدير فني عمليات تخدير فني عمليات تخدير فني عمليات تخدير فني عمليات تخدير فني عمليات تخدير فني عمليات تخدير فني عمليات تخدير فني عمليات تخدير فني عمليات تخدير فني عمليات تخدير فني عمليات تخدير فني عمليات تخدير فني عمليات تخدير فني عمليات تخدير فني عمليات تخدير فني عمليات تخدير فني عمليات تخدير فني عمليات تخدير فني عمليات تخدير', 6, 1, '2018-05-09', '2018-05-09', 1, 0, '2018-05-09 12:56:23', '2018-05-09 13:08:40', 1),
(32, 'محاسب قانوني', 1, 'مطلوب ومطلوب ومطلوب مطلوب ومطلوب ومطلوب مطلوب ومطلوب ومطلوب مطلوب ومطلوب ومطلوب مطلوب ومطلوب ومطلوب مطلوب ومطلوب ومطلوب مطلوب ومطلوب ومطلوب مطلوب ومطلوب ومطلوب مطلوب ومطلوب ومطلوب مطلوب ومطلوب ومطلوب مطلوب ومطلوب ومطلوب مطلوب ومطلوب ومطلوب مطلوب ومطلوب ومطلوب مطلوب ومطلوب ومطلوب مطلوب ومطلوب ومطلوب مطلوب ومطلوب ومطلوب مطلوب ومطلوب ومطلوب مطلوب ومطلوب ومطلوب مطلوب ومطلوب ومطلوب مطلوب ومطلوب ومطلوب مطلوب ومطلوب ومطلوب مطلوب ومطلوب ومطلوب مطلوب ومطلوب ومطلوب مطلوب ومطلوب ومطلوب مطلوب ومطلوب ومطلوب مطلوب ومطلوب ومطلوب مطلوب ومطلوب ومطلوب', 6, 1, '2018-05-31', '2018-07-31', 1, 0, '2018-04-25 00:00:00', '2018-05-09 13:12:55', 1),
(33, 'مهندس كهربائي', 1, 'تفاصيل الوظيفة يكون هنا', 2, 2, '2018-05-31', '2018-06-30', 1, 0, '2018-04-30 00:00:00', '2018-05-09 13:12:39', 0),
(34, 'فني عمليات تخدير', 1, 'فني عمليات تخدير فني عمليات تخدير فني عمليات تخدير فني عمليات تخدير فني عمليات تخدير فني عمليات تخدير فني عمليات تخدير فني عمليات تخدير فني عمليات تخدير فني عمليات تخدير فني عمليات تخدير فني عمليات تخدير فني عمليات تخدير فني عمليات تخدير فني عمليات تخدير فني عمليات تخدير فني عمليات تخدير فني عمليات تخدير فني عمليات تخدير فني عمليات تخدير فني عمليات تخدير فني عمليات تخدير فني عمليات تخدير فني عمليات تخدير فني عمليات تخدير فني عمليات تخدير فني عمليات تخدير فني عمليات تخدير فني عمليات تخدير فني عمليات تخدير فني عمليات تخدير فني عمليات تخدير فني عمليات تخدير فني عمليات تخدير فني عمليات تخدير فني عمليات تخدير فني عمليات تخدير فني عمليات تخدير فني عمليات تخدير فني عمليات تخدير فني عمليات تخدير فني عمليات تخدير فني عمليات تخدير فني عمليات تخدير', 6, 1, '2018-05-09', '2018-05-09', 1, 0, '2018-05-09 12:56:23', '2018-05-09 13:08:40', 1),
(35, 'مهندس كهربائي', 1, 'تفاصيل الوظيفة يكون هنا', 2, 2, '2018-05-31', '2018-06-30', 1, 0, '2018-04-30 00:00:00', '2018-05-09 13:12:39', 0),
(36, 'مهندس كهربائي', 1, 'تفاصيل الوظيفة يكون هنا', 2, 2, '2018-05-31', '2018-06-30', 1, 0, '2018-04-30 00:00:00', '2018-05-09 13:12:39', 0),
(37, 'مهندس كهربائي', 1, 'تفاصيل الوظيفة يكون هنا', 2, 2, '2018-05-31', '2018-06-30', 1, 0, '2018-04-30 00:00:00', '2018-05-09 13:12:39', 0),
(38, 'مهندس كهربائي', 1, 'تفاصيل الوظيفة يكون هنا', 2, 2, '2018-05-31', '2018-06-30', 1, 0, '2018-04-30 00:00:00', '2018-05-09 13:12:39', 0),
(39, 'مهندس كهربائي', 1, 'تفاصيل الوظيفة يكون هنا', 2, 2, '2018-05-31', '2018-06-30', 1, 0, '2018-04-30 00:00:00', '2018-05-09 13:12:39', 0),
(40, 'مهندس كهربائي', 1, 'تفاصيل الوظيفة يكون هنا', 2, 2, '2018-05-31', '2018-06-30', 1, 0, '2018-04-30 00:00:00', '2018-05-09 13:12:39', 0),
(41, 'محاسب قانوني', 1, 'مطلوب ومطلوب ومطلوب مطلوب ومطلوب ومطلوب مطلوب ومطلوب ومطلوب مطلوب ومطلوب ومطلوب مطلوب ومطلوب ومطلوب مطلوب ومطلوب ومطلوب مطلوب ومطلوب ومطلوب مطلوب ومطلوب ومطلوب مطلوب ومطلوب ومطلوب مطلوب ومطلوب ومطلوب مطلوب ومطلوب ومطلوب مطلوب ومطلوب ومطلوب مطلوب ومطلوب ومطلوب مطلوب ومطلوب ومطلوب مطلوب ومطلوب ومطلوب مطلوب ومطلوب ومطلوب مطلوب ومطلوب ومطلوب مطلوب ومطلوب ومطلوب مطلوب ومطلوب ومطلوب مطلوب ومطلوب ومطلوب مطلوب ومطلوب ومطلوب مطلوب ومطلوب ومطلوب مطلوب ومطلوب ومطلوب مطلوب ومطلوب ومطلوب مطلوب ومطلوب ومطلوب مطلوب ومطلوب ومطلوب مطلوب ومطلوب ومطلوب', 6, 1, '2018-05-31', '2018-07-31', 1, 0, '2018-04-25 00:00:00', '2018-05-09 13:12:55', 1),
(42, 'فني عمليات تخدير', 1, 'فني عمليات تخدير فني عمليات تخدير فني عمليات تخدير فني عمليات تخدير فني عمليات تخدير فني عمليات تخدير فني عمليات تخدير فني عمليات تخدير فني عمليات تخدير فني عمليات تخدير فني عمليات تخدير فني عمليات تخدير فني عمليات تخدير فني عمليات تخدير فني عمليات تخدير فني عمليات تخدير فني عمليات تخدير فني عمليات تخدير فني عمليات تخدير فني عمليات تخدير فني عمليات تخدير فني عمليات تخدير فني عمليات تخدير فني عمليات تخدير فني عمليات تخدير فني عمليات تخدير فني عمليات تخدير فني عمليات تخدير فني عمليات تخدير فني عمليات تخدير فني عمليات تخدير فني عمليات تخدير فني عمليات تخدير فني عمليات تخدير فني عمليات تخدير فني عمليات تخدير فني عمليات تخدير فني عمليات تخدير فني عمليات تخدير فني عمليات تخدير فني عمليات تخدير فني عمليات تخدير فني عمليات تخدير فني عمليات تخدير', 6, 1, '2018-05-09', '2018-05-09', 1, 0, '2018-05-09 12:56:23', '2018-05-09 13:08:40', 1),
(43, 'محاسب قانوني', 1, 'مطلوب ومطلوب ومطلوب مطلوب ومطلوب ومطلوب مطلوب ومطلوب ومطلوب مطلوب ومطلوب ومطلوب مطلوب ومطلوب ومطلوب مطلوب ومطلوب ومطلوب مطلوب ومطلوب ومطلوب مطلوب ومطلوب ومطلوب مطلوب ومطلوب ومطلوب مطلوب ومطلوب ومطلوب مطلوب ومطلوب ومطلوب مطلوب ومطلوب ومطلوب مطلوب ومطلوب ومطلوب مطلوب ومطلوب ومطلوب مطلوب ومطلوب ومطلوب مطلوب ومطلوب ومطلوب مطلوب ومطلوب ومطلوب مطلوب ومطلوب ومطلوب مطلوب ومطلوب ومطلوب مطلوب ومطلوب ومطلوب مطلوب ومطلوب ومطلوب مطلوب ومطلوب ومطلوب مطلوب ومطلوب ومطلوب مطلوب ومطلوب ومطلوب مطلوب ومطلوب ومطلوب مطلوب ومطلوب ومطلوب مطلوب ومطلوب ومطلوب', 6, 1, '2018-05-31', '2018-07-31', 1, 0, '2018-04-25 00:00:00', '2018-05-09 13:12:55', 1),
(44, 'فني عمليات تخدير', 1, 'فني عمليات تخدير فني عمليات تخدير فني عمليات تخدير فني عمليات تخدير فني عمليات تخدير فني عمليات تخدير فني عمليات تخدير فني عمليات تخدير فني عمليات تخدير فني عمليات تخدير فني عمليات تخدير فني عمليات تخدير فني عمليات تخدير فني عمليات تخدير فني عمليات تخدير فني عمليات تخدير فني عمليات تخدير فني عمليات تخدير فني عمليات تخدير فني عمليات تخدير فني عمليات تخدير فني عمليات تخدير فني عمليات تخدير فني عمليات تخدير فني عمليات تخدير فني عمليات تخدير فني عمليات تخدير فني عمليات تخدير فني عمليات تخدير فني عمليات تخدير فني عمليات تخدير فني عمليات تخدير فني عمليات تخدير فني عمليات تخدير فني عمليات تخدير فني عمليات تخدير فني عمليات تخدير فني عمليات تخدير فني عمليات تخدير فني عمليات تخدير فني عمليات تخدير فني عمليات تخدير فني عمليات تخدير فني عمليات تخدير', 6, 1, '2018-05-09', '2018-05-09', 1, 0, '2018-05-09 12:56:23', '2018-05-09 13:08:40', 1),
(45, 'محاسب قانوني', 1, 'مطلوب ومطلوب ومطلوب مطلوب ومطلوب ومطلوب مطلوب ومطلوب ومطلوب مطلوب ومطلوب ومطلوب مطلوب ومطلوب ومطلوب مطلوب ومطلوب ومطلوب مطلوب ومطلوب ومطلوب مطلوب ومطلوب ومطلوب مطلوب ومطلوب ومطلوب مطلوب ومطلوب ومطلوب مطلوب ومطلوب ومطلوب مطلوب ومطلوب ومطلوب مطلوب ومطلوب ومطلوب مطلوب ومطلوب ومطلوب مطلوب ومطلوب ومطلوب مطلوب ومطلوب ومطلوب مطلوب ومطلوب ومطلوب مطلوب ومطلوب ومطلوب مطلوب ومطلوب ومطلوب مطلوب ومطلوب ومطلوب مطلوب ومطلوب ومطلوب مطلوب ومطلوب ومطلوب مطلوب ومطلوب ومطلوب مطلوب ومطلوب ومطلوب مطلوب ومطلوب ومطلوب مطلوب ومطلوب ومطلوب مطلوب ومطلوب ومطلوب', 6, 1, '2018-05-31', '2018-07-31', 1, 0, '2018-04-25 00:00:00', '2018-05-09 13:12:55', 1),
(46, 'فني عمليات تخدير', 1, 'فني عمليات تخدير فني عمليات تخدير فني عمليات تخدير فني عمليات تخدير فني عمليات تخدير فني عمليات تخدير فني عمليات تخدير فني عمليات تخدير فني عمليات تخدير فني عمليات تخدير فني عمليات تخدير فني عمليات تخدير فني عمليات تخدير فني عمليات تخدير فني عمليات تخدير فني عمليات تخدير فني عمليات تخدير فني عمليات تخدير فني عمليات تخدير فني عمليات تخدير فني عمليات تخدير فني عمليات تخدير فني عمليات تخدير فني عمليات تخدير فني عمليات تخدير فني عمليات تخدير فني عمليات تخدير فني عمليات تخدير فني عمليات تخدير فني عمليات تخدير فني عمليات تخدير فني عمليات تخدير فني عمليات تخدير فني عمليات تخدير فني عمليات تخدير فني عمليات تخدير فني عمليات تخدير فني عمليات تخدير فني عمليات تخدير فني عمليات تخدير فني عمليات تخدير فني عمليات تخدير فني عمليات تخدير فني عمليات تخدير', 6, 1, '2018-05-09', '2018-05-09', 1, 0, '2018-05-09 12:56:23', '2018-05-09 13:08:40', 1),
(47, 'محاسب قانوني', 1, 'مطلوب ومطلوب ومطلوب مطلوب ومطلوب ومطلوب مطلوب ومطلوب ومطلوب مطلوب ومطلوب ومطلوب مطلوب ومطلوب ومطلوب مطلوب ومطلوب ومطلوب مطلوب ومطلوب ومطلوب مطلوب ومطلوب ومطلوب مطلوب ومطلوب ومطلوب مطلوب ومطلوب ومطلوب مطلوب ومطلوب ومطلوب مطلوب ومطلوب ومطلوب مطلوب ومطلوب ومطلوب مطلوب ومطلوب ومطلوب مطلوب ومطلوب ومطلوب مطلوب ومطلوب ومطلوب مطلوب ومطلوب ومطلوب مطلوب ومطلوب ومطلوب مطلوب ومطلوب ومطلوب مطلوب ومطلوب ومطلوب مطلوب ومطلوب ومطلوب مطلوب ومطلوب ومطلوب مطلوب ومطلوب ومطلوب مطلوب ومطلوب ومطلوب مطلوب ومطلوب ومطلوب مطلوب ومطلوب ومطلوب مطلوب ومطلوب ومطلوب', 6, 1, '2018-05-31', '2018-07-31', 1, 0, '2018-04-25 00:00:00', '2018-05-09 13:12:55', 1),
(48, 'فني عمليات تخدير', 1, 'فني عمليات تخدير فني عمليات تخدير فني عمليات تخدير فني عمليات تخدير فني عمليات تخدير فني عمليات تخدير فني عمليات تخدير فني عمليات تخدير فني عمليات تخدير فني عمليات تخدير فني عمليات تخدير فني عمليات تخدير فني عمليات تخدير فني عمليات تخدير فني عمليات تخدير فني عمليات تخدير فني عمليات تخدير فني عمليات تخدير فني عمليات تخدير فني عمليات تخدير فني عمليات تخدير فني عمليات تخدير فني عمليات تخدير فني عمليات تخدير فني عمليات تخدير فني عمليات تخدير فني عمليات تخدير فني عمليات تخدير فني عمليات تخدير فني عمليات تخدير فني عمليات تخدير فني عمليات تخدير فني عمليات تخدير فني عمليات تخدير فني عمليات تخدير فني عمليات تخدير فني عمليات تخدير فني عمليات تخدير فني عمليات تخدير فني عمليات تخدير فني عمليات تخدير فني عمليات تخدير فني عمليات تخدير فني عمليات تخدير', 6, 1, '2018-05-09', '2018-05-09', 1, 0, '2018-05-09 12:56:23', '2018-05-09 13:08:40', 1),
(49, 'محاسب قانوني', 1, 'مطلوب ومطلوب ومطلوب مطلوب ومطلوب ومطلوب مطلوب ومطلوب ومطلوب مطلوب ومطلوب ومطلوب مطلوب ومطلوب ومطلوب مطلوب ومطلوب ومطلوب مطلوب ومطلوب ومطلوب مطلوب ومطلوب ومطلوب مطلوب ومطلوب ومطلوب مطلوب ومطلوب ومطلوب مطلوب ومطلوب ومطلوب مطلوب ومطلوب ومطلوب مطلوب ومطلوب ومطلوب مطلوب ومطلوب ومطلوب مطلوب ومطلوب ومطلوب مطلوب ومطلوب ومطلوب مطلوب ومطلوب ومطلوب مطلوب ومطلوب ومطلوب مطلوب ومطلوب ومطلوب مطلوب ومطلوب ومطلوب مطلوب ومطلوب ومطلوب مطلوب ومطلوب ومطلوب مطلوب ومطلوب ومطلوب مطلوب ومطلوب ومطلوب مطلوب ومطلوب ومطلوب مطلوب ومطلوب ومطلوب مطلوب ومطلوب ومطلوب', 6, 1, '2018-05-31', '2018-07-31', 1, 0, '2018-04-25 00:00:00', '2018-05-09 13:12:55', 1),
(50, 'فني عمليات تخدير', 1, 'فني عمليات تخدير فني عمليات تخدير فني عمليات تخدير فني عمليات تخدير فني عمليات تخدير فني عمليات تخدير فني عمليات تخدير فني عمليات تخدير فني عمليات تخدير فني عمليات تخدير فني عمليات تخدير فني عمليات تخدير فني عمليات تخدير فني عمليات تخدير فني عمليات تخدير فني عمليات تخدير فني عمليات تخدير فني عمليات تخدير فني عمليات تخدير فني عمليات تخدير فني عمليات تخدير فني عمليات تخدير فني عمليات تخدير فني عمليات تخدير فني عمليات تخدير فني عمليات تخدير فني عمليات تخدير فني عمليات تخدير فني عمليات تخدير فني عمليات تخدير فني عمليات تخدير فني عمليات تخدير فني عمليات تخدير فني عمليات تخدير فني عمليات تخدير فني عمليات تخدير فني عمليات تخدير فني عمليات تخدير فني عمليات تخدير فني عمليات تخدير فني عمليات تخدير فني عمليات تخدير فني عمليات تخدير فني عمليات تخدير', 6, 1, '2018-05-09', '2018-05-09', 1, 0, '2018-05-09 12:56:23', '2018-05-09 13:08:40', 1),
(51, 'محاسب قانوني', 1, 'مطلوب ومطلوب ومطلوب مطلوب ومطلوب ومطلوب مطلوب ومطلوب ومطلوب مطلوب ومطلوب ومطلوب مطلوب ومطلوب ومطلوب مطلوب ومطلوب ومطلوب مطلوب ومطلوب ومطلوب مطلوب ومطلوب ومطلوب مطلوب ومطلوب ومطلوب مطلوب ومطلوب ومطلوب مطلوب ومطلوب ومطلوب مطلوب ومطلوب ومطلوب مطلوب ومطلوب ومطلوب مطلوب ومطلوب ومطلوب مطلوب ومطلوب ومطلوب مطلوب ومطلوب ومطلوب مطلوب ومطلوب ومطلوب مطلوب ومطلوب ومطلوب مطلوب ومطلوب ومطلوب مطلوب ومطلوب ومطلوب مطلوب ومطلوب ومطلوب مطلوب ومطلوب ومطلوب مطلوب ومطلوب ومطلوب مطلوب ومطلوب ومطلوب مطلوب ومطلوب ومطلوب مطلوب ومطلوب ومطلوب مطلوب ومطلوب ومطلوب', 6, 1, '2018-05-31', '2018-07-31', 1, 0, '2018-04-25 00:00:00', '2018-05-09 13:12:55', 1),
(52, 'فني عمليات تخدير', 1, 'فني عمليات تخدير فني عمليات تخدير فني عمليات تخدير فني عمليات تخدير فني عمليات تخدير فني عمليات تخدير فني عمليات تخدير فني عمليات تخدير فني عمليات تخدير فني عمليات تخدير فني عمليات تخدير فني عمليات تخدير فني عمليات تخدير فني عمليات تخدير فني عمليات تخدير فني عمليات تخدير فني عمليات تخدير فني عمليات تخدير فني عمليات تخدير فني عمليات تخدير فني عمليات تخدير فني عمليات تخدير فني عمليات تخدير فني عمليات تخدير فني عمليات تخدير فني عمليات تخدير فني عمليات تخدير فني عمليات تخدير فني عمليات تخدير فني عمليات تخدير فني عمليات تخدير فني عمليات تخدير فني عمليات تخدير فني عمليات تخدير فني عمليات تخدير فني عمليات تخدير فني عمليات تخدير فني عمليات تخدير فني عمليات تخدير فني عمليات تخدير فني عمليات تخدير فني عمليات تخدير فني عمليات تخدير فني عمليات تخدير', 6, 1, '2018-05-09', '2018-05-09', 1, 0, '2018-05-09 12:56:23', '2018-05-09 13:08:40', 1),
(60, 'محاسب قانوني', 1, 'مطلوب ومطلوب ومطلوب مطلوب ومطلوب ومطلوب مطلوب ومطلوب ومطلوب مطلوب ومطلوب ومطلوب مطلوب ومطلوب ومطلوب مطلوب ومطلوب ومطلوب مطلوب ومطلوب ومطلوب مطلوب ومطلوب ومطلوب مطلوب ومطلوب ومطلوب مطلوب ومطلوب ومطلوب مطلوب ومطلوب ومطلوب مطلوب ومطلوب ومطلوب مطلوب ومطلوب ومطلوب مطلوب ومطلوب ومطلوب مطلوب ومطلوب ومطلوب مطلوب ومطلوب ومطلوب مطلوب ومطلوب ومطلوب مطلوب ومطلوب ومطلوب مطلوب ومطلوب ومطلوب مطلوب ومطلوب ومطلوب مطلوب ومطلوب ومطلوب مطلوب ومطلوب ومطلوب مطلوب ومطلوب ومطلوب مطلوب ومطلوب ومطلوب مطلوب ومطلوب ومطلوب مطلوب ومطلوب ومطلوب مطلوب ومطلوب ومطلوب', 6, 1, '2018-05-31', '2018-07-31', 1, 0, '2018-04-25 00:00:00', '2018-05-09 13:12:55', 1),
(61, 'مهندس كهربائي', 1, 'تفاصيل الوظيفة يكون هنا', 2, 2, '2018-05-31', '2018-06-30', 1, 0, '2018-04-30 00:00:00', '2018-05-09 13:12:39', 0),
(62, 'فني عمليات تخدير', 1, 'فني عمليات تخدير فني عمليات تخدير فني عمليات تخدير فني عمليات تخدير فني عمليات تخدير فني عمليات تخدير فني عمليات تخدير فني عمليات تخدير فني عمليات تخدير فني عمليات تخدير فني عمليات تخدير فني عمليات تخدير فني عمليات تخدير فني عمليات تخدير فني عمليات تخدير فني عمليات تخدير فني عمليات تخدير فني عمليات تخدير فني عمليات تخدير فني عمليات تخدير فني عمليات تخدير فني عمليات تخدير فني عمليات تخدير فني عمليات تخدير فني عمليات تخدير فني عمليات تخدير فني عمليات تخدير فني عمليات تخدير فني عمليات تخدير فني عمليات تخدير فني عمليات تخدير فني عمليات تخدير فني عمليات تخدير فني عمليات تخدير فني عمليات تخدير فني عمليات تخدير فني عمليات تخدير فني عمليات تخدير فني عمليات تخدير فني عمليات تخدير فني عمليات تخدير فني عمليات تخدير فني عمليات تخدير فني عمليات تخدير', 6, 1, '2018-05-09', '2018-05-09', 1, 0, '2018-05-09 12:56:23', '2018-05-09 13:08:40', 1),
(63, 'محاسب قانوني', 1, 'مطلوب ومطلوب ومطلوب مطلوب ومطلوب ومطلوب مطلوب ومطلوب ومطلوب مطلوب ومطلوب ومطلوب مطلوب ومطلوب ومطلوب مطلوب ومطلوب ومطلوب مطلوب ومطلوب ومطلوب مطلوب ومطلوب ومطلوب مطلوب ومطلوب ومطلوب مطلوب ومطلوب ومطلوب مطلوب ومطلوب ومطلوب مطلوب ومطلوب ومطلوب مطلوب ومطلوب ومطلوب مطلوب ومطلوب ومطلوب مطلوب ومطلوب ومطلوب مطلوب ومطلوب ومطلوب مطلوب ومطلوب ومطلوب مطلوب ومطلوب ومطلوب مطلوب ومطلوب ومطلوب مطلوب ومطلوب ومطلوب مطلوب ومطلوب ومطلوب مطلوب ومطلوب ومطلوب مطلوب ومطلوب ومطلوب مطلوب ومطلوب ومطلوب مطلوب ومطلوب ومطلوب مطلوب ومطلوب ومطلوب مطلوب ومطلوب ومطلوب', 6, 1, '2018-05-31', '2018-07-31', 1, 0, '2018-04-25 00:00:00', '2018-05-09 13:12:55', 1),
(64, 'مهندس كهربائي', 1, 'تفاصيل الوظيفة يكون هنا', 2, 2, '2018-05-31', '2018-06-30', 1, 0, '2018-04-30 00:00:00', '2018-05-09 13:12:39', 0),
(65, 'فني عمليات تخدير', 1, 'فني عمليات تخدير فني عمليات تخدير فني عمليات تخدير فني عمليات تخدير فني عمليات تخدير فني عمليات تخدير فني عمليات تخدير فني عمليات تخدير فني عمليات تخدير فني عمليات تخدير فني عمليات تخدير فني عمليات تخدير فني عمليات تخدير فني عمليات تخدير فني عمليات تخدير فني عمليات تخدير فني عمليات تخدير فني عمليات تخدير فني عمليات تخدير فني عمليات تخدير فني عمليات تخدير فني عمليات تخدير فني عمليات تخدير فني عمليات تخدير فني عمليات تخدير فني عمليات تخدير فني عمليات تخدير فني عمليات تخدير فني عمليات تخدير فني عمليات تخدير فني عمليات تخدير فني عمليات تخدير فني عمليات تخدير فني عمليات تخدير فني عمليات تخدير فني عمليات تخدير فني عمليات تخدير فني عمليات تخدير فني عمليات تخدير فني عمليات تخدير فني عمليات تخدير فني عمليات تخدير فني عمليات تخدير فني عمليات تخدير', 6, 1, '2018-05-09', '2018-05-09', 1, 0, '2018-05-09 12:56:23', '2018-05-09 13:08:40', 1),
(66, 'مهندس كهربائي', 1, 'تفاصيل الوظيفة يكون هنا', 2, 2, '2018-05-31', '2018-06-30', 1, 0, '2018-04-30 00:00:00', '2018-05-09 13:12:39', 0),
(67, 'مهندس كهربائي', 1, 'تفاصيل الوظيفة يكون هنا', 2, 2, '2018-05-31', '2018-06-30', 1, 0, '2018-04-30 00:00:00', '2018-05-09 13:12:39', 0),
(68, 'مهندس كهربائي', 1, 'تفاصيل الوظيفة يكون هنا', 2, 2, '2018-05-31', '2018-06-30', 1, 0, '2018-04-30 00:00:00', '2018-05-09 13:12:39', 0),
(69, 'مهندس كهربائي', 1, 'تفاصيل الوظيفة يكون هنا', 2, 2, '2018-05-31', '2018-06-30', 1, 0, '2018-04-30 00:00:00', '2018-05-09 13:12:39', 0),
(70, 'مهندس كهربائي', 1, 'تفاصيل الوظيفة يكون هنا', 2, 2, '2018-05-31', '2018-06-30', 1, 0, '2018-04-30 00:00:00', '2018-05-09 13:12:39', 0),
(71, 'مهندس كهربائي', 1, 'تفاصيل الوظيفة يكون هنا', 2, 2, '2018-05-31', '2018-06-30', 1, 0, '2018-04-30 00:00:00', '2018-05-09 13:12:39', 0),
(72, 'مهندس كهربائي', 1, 'تفاصيل الوظيفة يكون هنا', 2, 2, '2018-05-31', '2018-06-30', 1, 0, '2018-04-30 00:00:00', '2018-05-09 13:12:39', 0),
(73, 'مهندس كهربائي', 1, 'تفاصيل الوظيفة يكون هنا', 2, 2, '2018-05-31', '2018-06-30', 1, 0, '2018-04-30 00:00:00', '2018-05-09 13:12:39', 0),
(74, 'مهندس كهربائي', 1, 'تفاصيل الوظيفة يكون هنا', 2, 2, '2018-05-31', '2018-06-30', 1, 0, '2018-04-30 00:00:00', '2018-05-09 13:12:39', 0),
(75, 'مهندس كهربائي', 1, 'تفاصيل الوظيفة يكون هنا', 2, 2, '2018-05-31', '2018-06-30', 1, 0, '2018-04-30 00:00:00', '2018-05-09 13:12:39', 0),
(76, 'مهندس كهربائي', 1, 'تفاصيل الوظيفة يكون هنا', 2, 2, '2018-05-31', '2018-06-30', 1, 0, '2018-04-30 00:00:00', '2018-05-09 13:12:39', 0),
(77, 'مهندس كهربائي', 1, 'تفاصيل الوظيفة يكون هنا', 2, 2, '2018-05-31', '2018-06-30', 1, 0, '2018-04-30 00:00:00', '2018-05-09 13:12:39', 0),
(78, 'مهندس كهربائي', 1, 'تفاصيل الوظيفة يكون هنا', 2, 2, '2018-05-31', '2018-06-30', 1, 0, '2018-04-30 00:00:00', '2018-05-09 13:12:39', 0),
(79, 'مهندس كهربائي', 1, 'تفاصيل الوظيفة يكون هنا', 2, 2, '2018-05-31', '2018-06-30', 1, 0, '2018-04-30 00:00:00', '2018-05-09 13:12:39', 0),
(80, 'محاسب قانوني', 1, 'مطلوب ومطلوب ومطلوب مطلوب ومطلوب ومطلوب مطلوب ومطلوب ومطلوب مطلوب ومطلوب ومطلوب مطلوب ومطلوب ومطلوب مطلوب ومطلوب ومطلوب مطلوب ومطلوب ومطلوب مطلوب ومطلوب ومطلوب مطلوب ومطلوب ومطلوب مطلوب ومطلوب ومطلوب مطلوب ومطلوب ومطلوب مطلوب ومطلوب ومطلوب مطلوب ومطلوب ومطلوب مطلوب ومطلوب ومطلوب مطلوب ومطلوب ومطلوب مطلوب ومطلوب ومطلوب مطلوب ومطلوب ومطلوب مطلوب ومطلوب ومطلوب مطلوب ومطلوب ومطلوب مطلوب ومطلوب ومطلوب مطلوب ومطلوب ومطلوب مطلوب ومطلوب ومطلوب مطلوب ومطلوب ومطلوب مطلوب ومطلوب ومطلوب مطلوب ومطلوب ومطلوب مطلوب ومطلوب ومطلوب مطلوب ومطلوب ومطلوب', 6, 1, '2018-05-31', '2018-07-31', 1, 0, '2018-04-25 00:00:00', '2018-05-09 13:12:55', 1),
(81, 'فني عمليات تخدير', 1, 'فني عمليات تخدير فني عمليات تخدير فني عمليات تخدير فني عمليات تخدير فني عمليات تخدير فني عمليات تخدير فني عمليات تخدير فني عمليات تخدير فني عمليات تخدير فني عمليات تخدير فني عمليات تخدير فني عمليات تخدير فني عمليات تخدير فني عمليات تخدير فني عمليات تخدير فني عمليات تخدير فني عمليات تخدير فني عمليات تخدير فني عمليات تخدير فني عمليات تخدير فني عمليات تخدير فني عمليات تخدير فني عمليات تخدير فني عمليات تخدير فني عمليات تخدير فني عمليات تخدير فني عمليات تخدير فني عمليات تخدير فني عمليات تخدير فني عمليات تخدير فني عمليات تخدير فني عمليات تخدير فني عمليات تخدير فني عمليات تخدير فني عمليات تخدير فني عمليات تخدير فني عمليات تخدير فني عمليات تخدير فني عمليات تخدير فني عمليات تخدير فني عمليات تخدير فني عمليات تخدير فني عمليات تخدير فني عمليات تخدير', 6, 1, '2018-05-09', '2018-05-09', 1, 0, '2018-05-09 12:56:23', '2018-05-09 13:08:40', 1),
(82, 'محاسب قانوني', 1, 'مطلوب ومطلوب ومطلوب مطلوب ومطلوب ومطلوب مطلوب ومطلوب ومطلوب مطلوب ومطلوب ومطلوب مطلوب ومطلوب ومطلوب مطلوب ومطلوب ومطلوب مطلوب ومطلوب ومطلوب مطلوب ومطلوب ومطلوب مطلوب ومطلوب ومطلوب مطلوب ومطلوب ومطلوب مطلوب ومطلوب ومطلوب مطلوب ومطلوب ومطلوب مطلوب ومطلوب ومطلوب مطلوب ومطلوب ومطلوب مطلوب ومطلوب ومطلوب مطلوب ومطلوب ومطلوب مطلوب ومطلوب ومطلوب مطلوب ومطلوب ومطلوب مطلوب ومطلوب ومطلوب مطلوب ومطلوب ومطلوب مطلوب ومطلوب ومطلوب مطلوب ومطلوب ومطلوب مطلوب ومطلوب ومطلوب مطلوب ومطلوب ومطلوب مطلوب ومطلوب ومطلوب مطلوب ومطلوب ومطلوب مطلوب ومطلوب ومطلوب', 6, 1, '2018-05-31', '2018-07-31', 1, 0, '2018-04-25 00:00:00', '2018-05-09 13:12:55', 1),
(83, 'فني عمليات تخدير', 1, 'فني عمليات تخدير فني عمليات تخدير فني عمليات تخدير فني عمليات تخدير فني عمليات تخدير فني عمليات تخدير فني عمليات تخدير فني عمليات تخدير فني عمليات تخدير فني عمليات تخدير فني عمليات تخدير فني عمليات تخدير فني عمليات تخدير فني عمليات تخدير فني عمليات تخدير فني عمليات تخدير فني عمليات تخدير فني عمليات تخدير فني عمليات تخدير فني عمليات تخدير فني عمليات تخدير فني عمليات تخدير فني عمليات تخدير فني عمليات تخدير فني عمليات تخدير فني عمليات تخدير فني عمليات تخدير فني عمليات تخدير فني عمليات تخدير فني عمليات تخدير فني عمليات تخدير فني عمليات تخدير فني عمليات تخدير فني عمليات تخدير فني عمليات تخدير فني عمليات تخدير فني عمليات تخدير فني عمليات تخدير فني عمليات تخدير فني عمليات تخدير فني عمليات تخدير فني عمليات تخدير فني عمليات تخدير فني عمليات تخدير', 6, 1, '2018-05-09', '2018-05-09', 1, 0, '2018-05-09 12:56:23', '2018-05-09 13:08:40', 1),
(84, 'محاسب قانوني', 1, 'مطلوب ومطلوب ومطلوب مطلوب ومطلوب ومطلوب مطلوب ومطلوب ومطلوب مطلوب ومطلوب ومطلوب مطلوب ومطلوب ومطلوب مطلوب ومطلوب ومطلوب مطلوب ومطلوب ومطلوب مطلوب ومطلوب ومطلوب مطلوب ومطلوب ومطلوب مطلوب ومطلوب ومطلوب مطلوب ومطلوب ومطلوب مطلوب ومطلوب ومطلوب مطلوب ومطلوب ومطلوب مطلوب ومطلوب ومطلوب مطلوب ومطلوب ومطلوب مطلوب ومطلوب ومطلوب مطلوب ومطلوب ومطلوب مطلوب ومطلوب ومطلوب مطلوب ومطلوب ومطلوب مطلوب ومطلوب ومطلوب مطلوب ومطلوب ومطلوب مطلوب ومطلوب ومطلوب مطلوب ومطلوب ومطلوب مطلوب ومطلوب ومطلوب مطلوب ومطلوب ومطلوب مطلوب ومطلوب ومطلوب مطلوب ومطلوب ومطلوب', 6, 1, '2018-05-31', '2018-07-31', 1, 0, '2018-04-25 00:00:00', '2018-05-09 13:12:55', 1),
(85, 'فني عمليات تخدير', 1, 'فني عمليات تخدير فني عمليات تخدير فني عمليات تخدير فني عمليات تخدير فني عمليات تخدير فني عمليات تخدير فني عمليات تخدير فني عمليات تخدير فني عمليات تخدير فني عمليات تخدير فني عمليات تخدير فني عمليات تخدير فني عمليات تخدير فني عمليات تخدير فني عمليات تخدير فني عمليات تخدير فني عمليات تخدير فني عمليات تخدير فني عمليات تخدير فني عمليات تخدير فني عمليات تخدير فني عمليات تخدير فني عمليات تخدير فني عمليات تخدير فني عمليات تخدير فني عمليات تخدير فني عمليات تخدير فني عمليات تخدير فني عمليات تخدير فني عمليات تخدير فني عمليات تخدير فني عمليات تخدير فني عمليات تخدير فني عمليات تخدير فني عمليات تخدير فني عمليات تخدير فني عمليات تخدير فني عمليات تخدير فني عمليات تخدير فني عمليات تخدير فني عمليات تخدير فني عمليات تخدير فني عمليات تخدير فني عمليات تخدير', 6, 1, '2018-05-09', '2018-05-09', 1, 0, '2018-05-09 12:56:23', '2018-05-09 13:08:40', 1),
(86, 'محاسب قانوني', 1, 'مطلوب ومطلوب ومطلوب مطلوب ومطلوب ومطلوب مطلوب ومطلوب ومطلوب مطلوب ومطلوب ومطلوب مطلوب ومطلوب ومطلوب مطلوب ومطلوب ومطلوب مطلوب ومطلوب ومطلوب مطلوب ومطلوب ومطلوب مطلوب ومطلوب ومطلوب مطلوب ومطلوب ومطلوب مطلوب ومطلوب ومطلوب مطلوب ومطلوب ومطلوب مطلوب ومطلوب ومطلوب مطلوب ومطلوب ومطلوب مطلوب ومطلوب ومطلوب مطلوب ومطلوب ومطلوب مطلوب ومطلوب ومطلوب مطلوب ومطلوب ومطلوب مطلوب ومطلوب ومطلوب مطلوب ومطلوب ومطلوب مطلوب ومطلوب ومطلوب مطلوب ومطلوب ومطلوب مطلوب ومطلوب ومطلوب مطلوب ومطلوب ومطلوب مطلوب ومطلوب ومطلوب مطلوب ومطلوب ومطلوب مطلوب ومطلوب ومطلوب', 6, 1, '2018-05-31', '2018-07-31', 1, 0, '2018-04-25 00:00:00', '2018-05-09 13:12:55', 1),
(87, 'فني عمليات تخدير', 1, 'فني عمليات تخدير فني عمليات تخدير فني عمليات تخدير فني عمليات تخدير فني عمليات تخدير فني عمليات تخدير فني عمليات تخدير فني عمليات تخدير فني عمليات تخدير فني عمليات تخدير فني عمليات تخدير فني عمليات تخدير فني عمليات تخدير فني عمليات تخدير فني عمليات تخدير فني عمليات تخدير فني عمليات تخدير فني عمليات تخدير فني عمليات تخدير فني عمليات تخدير فني عمليات تخدير فني عمليات تخدير فني عمليات تخدير فني عمليات تخدير فني عمليات تخدير فني عمليات تخدير فني عمليات تخدير فني عمليات تخدير فني عمليات تخدير فني عمليات تخدير فني عمليات تخدير فني عمليات تخدير فني عمليات تخدير فني عمليات تخدير فني عمليات تخدير فني عمليات تخدير فني عمليات تخدير فني عمليات تخدير فني عمليات تخدير فني عمليات تخدير فني عمليات تخدير فني عمليات تخدير فني عمليات تخدير فني عمليات تخدير', 6, 1, '2018-05-09', '2018-05-09', 1, 0, '2018-05-09 12:56:23', '2018-05-09 13:08:40', 1),
(88, 'محاسب قانوني', 1, 'مطلوب ومطلوب ومطلوب مطلوب ومطلوب ومطلوب مطلوب ومطلوب ومطلوب مطلوب ومطلوب ومطلوب مطلوب ومطلوب ومطلوب مطلوب ومطلوب ومطلوب مطلوب ومطلوب ومطلوب مطلوب ومطلوب ومطلوب مطلوب ومطلوب ومطلوب مطلوب ومطلوب ومطلوب مطلوب ومطلوب ومطلوب مطلوب ومطلوب ومطلوب مطلوب ومطلوب ومطلوب مطلوب ومطلوب ومطلوب مطلوب ومطلوب ومطلوب مطلوب ومطلوب ومطلوب مطلوب ومطلوب ومطلوب مطلوب ومطلوب ومطلوب مطلوب ومطلوب ومطلوب مطلوب ومطلوب ومطلوب مطلوب ومطلوب ومطلوب مطلوب ومطلوب ومطلوب مطلوب ومطلوب ومطلوب مطلوب ومطلوب ومطلوب مطلوب ومطلوب ومطلوب مطلوب ومطلوب ومطلوب مطلوب ومطلوب ومطلوب', 6, 1, '2018-05-31', '2018-07-31', 1, 0, '2018-04-25 00:00:00', '2018-05-09 13:12:55', 1),
(89, 'فني عمليات تخدير', 1, 'فني عمليات تخدير فني عمليات تخدير فني عمليات تخدير فني عمليات تخدير فني عمليات تخدير فني عمليات تخدير فني عمليات تخدير فني عمليات تخدير فني عمليات تخدير فني عمليات تخدير فني عمليات تخدير فني عمليات تخدير فني عمليات تخدير فني عمليات تخدير فني عمليات تخدير فني عمليات تخدير فني عمليات تخدير فني عمليات تخدير فني عمليات تخدير فني عمليات تخدير فني عمليات تخدير فني عمليات تخدير فني عمليات تخدير فني عمليات تخدير فني عمليات تخدير فني عمليات تخدير فني عمليات تخدير فني عمليات تخدير فني عمليات تخدير فني عمليات تخدير فني عمليات تخدير فني عمليات تخدير فني عمليات تخدير فني عمليات تخدير فني عمليات تخدير فني عمليات تخدير فني عمليات تخدير فني عمليات تخدير فني عمليات تخدير فني عمليات تخدير فني عمليات تخدير فني عمليات تخدير فني عمليات تخدير فني عمليات تخدير', 6, 1, '2018-05-09', '2018-05-09', 1, 0, '2018-05-09 12:56:23', '2018-05-09 13:08:40', 1),
(90, 'محاسب قانوني', 1, 'مطلوب ومطلوب ومطلوب مطلوب ومطلوب ومطلوب مطلوب ومطلوب ومطلوب مطلوب ومطلوب ومطلوب مطلوب ومطلوب ومطلوب مطلوب ومطلوب ومطلوب مطلوب ومطلوب ومطلوب مطلوب ومطلوب ومطلوب مطلوب ومطلوب ومطلوب مطلوب ومطلوب ومطلوب مطلوب ومطلوب ومطلوب مطلوب ومطلوب ومطلوب مطلوب ومطلوب ومطلوب مطلوب ومطلوب ومطلوب مطلوب ومطلوب ومطلوب مطلوب ومطلوب ومطلوب مطلوب ومطلوب ومطلوب مطلوب ومطلوب ومطلوب مطلوب ومطلوب ومطلوب مطلوب ومطلوب ومطلوب مطلوب ومطلوب ومطلوب مطلوب ومطلوب ومطلوب مطلوب ومطلوب ومطلوب مطلوب ومطلوب ومطلوب مطلوب ومطلوب ومطلوب مطلوب ومطلوب ومطلوب مطلوب ومطلوب ومطلوب', 6, 1, '2018-05-31', '2018-07-31', 1, 0, '2018-04-25 00:00:00', '2018-05-09 13:12:55', 1),
(91, 'فني عمليات تخدير', 1, 'فني عمليات تخدير فني عمليات تخدير فني عمليات تخدير فني عمليات تخدير فني عمليات تخدير فني عمليات تخدير فني عمليات تخدير فني عمليات تخدير فني عمليات تخدير فني عمليات تخدير فني عمليات تخدير فني عمليات تخدير فني عمليات تخدير فني عمليات تخدير فني عمليات تخدير فني عمليات تخدير فني عمليات تخدير فني عمليات تخدير فني عمليات تخدير فني عمليات تخدير فني عمليات تخدير فني عمليات تخدير فني عمليات تخدير فني عمليات تخدير فني عمليات تخدير فني عمليات تخدير فني عمليات تخدير فني عمليات تخدير فني عمليات تخدير فني عمليات تخدير فني عمليات تخدير فني عمليات تخدير فني عمليات تخدير فني عمليات تخدير فني عمليات تخدير فني عمليات تخدير فني عمليات تخدير فني عمليات تخدير فني عمليات تخدير فني عمليات تخدير فني عمليات تخدير فني عمليات تخدير فني عمليات تخدير فني عمليات تخدير', 6, 1, '2018-05-09', '2018-05-09', 1, 0, '2018-05-09 12:56:23', '2018-05-09 13:08:40', 1),
(92, 'محاسب قانوني', 1, 'مطلوب ومطلوب ومطلوب مطلوب ومطلوب ومطلوب مطلوب ومطلوب ومطلوب مطلوب ومطلوب ومطلوب مطلوب ومطلوب ومطلوب مطلوب ومطلوب ومطلوب مطلوب ومطلوب ومطلوب مطلوب ومطلوب ومطلوب مطلوب ومطلوب ومطلوب مطلوب ومطلوب ومطلوب مطلوب ومطلوب ومطلوب مطلوب ومطلوب ومطلوب مطلوب ومطلوب ومطلوب مطلوب ومطلوب ومطلوب مطلوب ومطلوب ومطلوب مطلوب ومطلوب ومطلوب مطلوب ومطلوب ومطلوب مطلوب ومطلوب ومطلوب مطلوب ومطلوب ومطلوب مطلوب ومطلوب ومطلوب مطلوب ومطلوب ومطلوب مطلوب ومطلوب ومطلوب مطلوب ومطلوب ومطلوب مطلوب ومطلوب ومطلوب مطلوب ومطلوب ومطلوب مطلوب ومطلوب ومطلوب مطلوب ومطلوب ومطلوب', 6, 1, '2018-05-31', '2018-07-31', 1, 0, '2018-04-25 00:00:00', '2018-05-09 13:12:55', 1),
(93, 'فني عمليات تخدير', 1, 'فني عمليات تخدير فني عمليات تخدير فني عمليات تخدير فني عمليات تخدير فني عمليات تخدير فني عمليات تخدير فني عمليات تخدير فني عمليات تخدير فني عمليات تخدير فني عمليات تخدير فني عمليات تخدير فني عمليات تخدير فني عمليات تخدير فني عمليات تخدير فني عمليات تخدير فني عمليات تخدير فني عمليات تخدير فني عمليات تخدير فني عمليات تخدير فني عمليات تخدير فني عمليات تخدير فني عمليات تخدير فني عمليات تخدير فني عمليات تخدير فني عمليات تخدير فني عمليات تخدير فني عمليات تخدير فني عمليات تخدير فني عمليات تخدير فني عمليات تخدير فني عمليات تخدير فني عمليات تخدير فني عمليات تخدير فني عمليات تخدير فني عمليات تخدير فني عمليات تخدير فني عمليات تخدير فني عمليات تخدير فني عمليات تخدير فني عمليات تخدير فني عمليات تخدير فني عمليات تخدير فني عمليات تخدير فني عمليات تخدير', 6, 1, '2018-05-09', '2018-05-09', 1, 0, '2018-05-09 12:56:23', '2018-05-09 13:08:40', 1),
(94, 'محاسب قانوني', 1, 'مطلوب ومطلوب ومطلوب مطلوب ومطلوب ومطلوب مطلوب ومطلوب ومطلوب مطلوب ومطلوب ومطلوب مطلوب ومطلوب ومطلوب مطلوب ومطلوب ومطلوب مطلوب ومطلوب ومطلوب مطلوب ومطلوب ومطلوب مطلوب ومطلوب ومطلوب مطلوب ومطلوب ومطلوب مطلوب ومطلوب ومطلوب مطلوب ومطلوب ومطلوب مطلوب ومطلوب ومطلوب مطلوب ومطلوب ومطلوب مطلوب ومطلوب ومطلوب مطلوب ومطلوب ومطلوب مطلوب ومطلوب ومطلوب مطلوب ومطلوب ومطلوب مطلوب ومطلوب ومطلوب مطلوب ومطلوب ومطلوب مطلوب ومطلوب ومطلوب مطلوب ومطلوب ومطلوب مطلوب ومطلوب ومطلوب مطلوب ومطلوب ومطلوب مطلوب ومطلوب ومطلوب مطلوب ومطلوب ومطلوب مطلوب ومطلوب ومطلوب', 6, 1, '2018-05-31', '2018-07-31', 1, 0, '2018-04-25 00:00:00', '2018-05-09 13:12:55', 1),
(95, 'فني عمليات تخدير', 1, 'فني عمليات تخدير فني عمليات تخدير فني عمليات تخدير فني عمليات تخدير فني عمليات تخدير فني عمليات تخدير فني عمليات تخدير فني عمليات تخدير فني عمليات تخدير فني عمليات تخدير فني عمليات تخدير فني عمليات تخدير فني عمليات تخدير فني عمليات تخدير فني عمليات تخدير فني عمليات تخدير فني عمليات تخدير فني عمليات تخدير فني عمليات تخدير فني عمليات تخدير فني عمليات تخدير فني عمليات تخدير فني عمليات تخدير فني عمليات تخدير فني عمليات تخدير فني عمليات تخدير فني عمليات تخدير فني عمليات تخدير فني عمليات تخدير فني عمليات تخدير فني عمليات تخدير فني عمليات تخدير فني عمليات تخدير فني عمليات تخدير فني عمليات تخدير فني عمليات تخدير فني عمليات تخدير فني عمليات تخدير فني عمليات تخدير فني عمليات تخدير فني عمليات تخدير فني عمليات تخدير فني عمليات تخدير فني عمليات تخدير', 6, 1, '2018-05-09', '2018-05-09', 1, 0, '2018-05-09 12:56:23', '2018-05-09 13:08:40', 1),
(96, 'محاسب قانوني', 1, 'مطلوب ومطلوب ومطلوب مطلوب ومطلوب ومطلوب مطلوب ومطلوب ومطلوب مطلوب ومطلوب ومطلوب مطلوب ومطلوب ومطلوب مطلوب ومطلوب ومطلوب مطلوب ومطلوب ومطلوب مطلوب ومطلوب ومطلوب مطلوب ومطلوب ومطلوب مطلوب ومطلوب ومطلوب مطلوب ومطلوب ومطلوب مطلوب ومطلوب ومطلوب مطلوب ومطلوب ومطلوب مطلوب ومطلوب ومطلوب مطلوب ومطلوب ومطلوب مطلوب ومطلوب ومطلوب مطلوب ومطلوب ومطلوب مطلوب ومطلوب ومطلوب مطلوب ومطلوب ومطلوب مطلوب ومطلوب ومطلوب مطلوب ومطلوب ومطلوب مطلوب ومطلوب ومطلوب مطلوب ومطلوب ومطلوب مطلوب ومطلوب ومطلوب مطلوب ومطلوب ومطلوب مطلوب ومطلوب ومطلوب مطلوب ومطلوب ومطلوب', 6, 1, '2018-05-31', '2018-07-31', 1, 0, '2018-04-25 00:00:00', '2018-05-09 13:12:55', 1),
(97, 'فني عمليات تخدير', 1, 'فني عمليات تخدير فني عمليات تخدير فني عمليات تخدير فني عمليات تخدير فني عمليات تخدير فني عمليات تخدير فني عمليات تخدير فني عمليات تخدير فني عمليات تخدير فني عمليات تخدير فني عمليات تخدير فني عمليات تخدير فني عمليات تخدير فني عمليات تخدير فني عمليات تخدير فني عمليات تخدير فني عمليات تخدير فني عمليات تخدير فني عمليات تخدير فني عمليات تخدير فني عمليات تخدير فني عمليات تخدير فني عمليات تخدير فني عمليات تخدير فني عمليات تخدير فني عمليات تخدير فني عمليات تخدير فني عمليات تخدير فني عمليات تخدير فني عمليات تخدير فني عمليات تخدير فني عمليات تخدير فني عمليات تخدير فني عمليات تخدير فني عمليات تخدير فني عمليات تخدير فني عمليات تخدير فني عمليات تخدير فني عمليات تخدير فني عمليات تخدير فني عمليات تخدير فني عمليات تخدير فني عمليات تخدير فني عمليات تخدير', 6, 1, '2018-05-09', '2018-05-09', 1, 0, '2018-05-09 12:56:23', '2018-05-09 13:08:40', 1),
(98, 'محاسب قانوني', 1, 'مطلوب ومطلوب ومطلوب مطلوب ومطلوب ومطلوب مطلوب ومطلوب ومطلوب مطلوب ومطلوب ومطلوب مطلوب ومطلوب ومطلوب مطلوب ومطلوب ومطلوب مطلوب ومطلوب ومطلوب مطلوب ومطلوب ومطلوب مطلوب ومطلوب ومطلوب مطلوب ومطلوب ومطلوب مطلوب ومطلوب ومطلوب مطلوب ومطلوب ومطلوب مطلوب ومطلوب ومطلوب مطلوب ومطلوب ومطلوب مطلوب ومطلوب ومطلوب مطلوب ومطلوب ومطلوب مطلوب ومطلوب ومطلوب مطلوب ومطلوب ومطلوب مطلوب ومطلوب ومطلوب مطلوب ومطلوب ومطلوب مطلوب ومطلوب ومطلوب مطلوب ومطلوب ومطلوب مطلوب ومطلوب ومطلوب مطلوب ومطلوب ومطلوب مطلوب ومطلوب ومطلوب مطلوب ومطلوب ومطلوب مطلوب ومطلوب ومطلوب', 6, 1, '2018-05-31', '2018-07-31', 1, 0, '2018-04-25 00:00:00', '2018-05-09 13:12:55', 1),
(99, 'فني عمليات تخدير', 1, 'فني عمليات تخدير فني عمليات تخدير فني عمليات تخدير فني عمليات تخدير فني عمليات تخدير فني عمليات تخدير فني عمليات تخدير فني عمليات تخدير فني عمليات تخدير فني عمليات تخدير فني عمليات تخدير فني عمليات تخدير فني عمليات تخدير فني عمليات تخدير فني عمليات تخدير فني عمليات تخدير فني عمليات تخدير فني عمليات تخدير فني عمليات تخدير فني عمليات تخدير فني عمليات تخدير فني عمليات تخدير فني عمليات تخدير فني عمليات تخدير فني عمليات تخدير فني عمليات تخدير فني عمليات تخدير فني عمليات تخدير فني عمليات تخدير فني عمليات تخدير فني عمليات تخدير فني عمليات تخدير فني عمليات تخدير فني عمليات تخدير فني عمليات تخدير فني عمليات تخدير فني عمليات تخدير فني عمليات تخدير فني عمليات تخدير فني عمليات تخدير فني عمليات تخدير فني عمليات تخدير فني عمليات تخدير فني عمليات تخدير', 6, 1, '2018-05-09', '2018-05-09', 1, 0, '2018-05-09 12:56:23', '2018-05-09 13:08:40', 1),
(100, 'محاسب قانوني', 1, 'مطلوب ومطلوب ومطلوب مطلوب ومطلوب ومطلوب مطلوب ومطلوب ومطلوب مطلوب ومطلوب ومطلوب مطلوب ومطلوب ومطلوب مطلوب ومطلوب ومطلوب مطلوب ومطلوب ومطلوب مطلوب ومطلوب ومطلوب مطلوب ومطلوب ومطلوب مطلوب ومطلوب ومطلوب مطلوب ومطلوب ومطلوب مطلوب ومطلوب ومطلوب مطلوب ومطلوب ومطلوب مطلوب ومطلوب ومطلوب مطلوب ومطلوب ومطلوب مطلوب ومطلوب ومطلوب مطلوب ومطلوب ومطلوب مطلوب ومطلوب ومطلوب مطلوب ومطلوب ومطلوب مطلوب ومطلوب ومطلوب مطلوب ومطلوب ومطلوب مطلوب ومطلوب ومطلوب مطلوب ومطلوب ومطلوب مطلوب ومطلوب ومطلوب مطلوب ومطلوب ومطلوب مطلوب ومطلوب ومطلوب مطلوب ومطلوب ومطلوب', 6, 1, '2018-05-31', '2018-07-31', 1, 0, '2018-04-25 00:00:00', '2018-05-09 13:12:55', 1),
(101, 'فني عمليات تخدير', 1, 'فني عمليات تخدير فني عمليات تخدير فني عمليات تخدير فني عمليات تخدير فني عمليات تخدير فني عمليات تخدير فني عمليات تخدير فني عمليات تخدير فني عمليات تخدير فني عمليات تخدير فني عمليات تخدير فني عمليات تخدير فني عمليات تخدير فني عمليات تخدير فني عمليات تخدير فني عمليات تخدير فني عمليات تخدير فني عمليات تخدير فني عمليات تخدير فني عمليات تخدير فني عمليات تخدير فني عمليات تخدير فني عمليات تخدير فني عمليات تخدير فني عمليات تخدير فني عمليات تخدير فني عمليات تخدير فني عمليات تخدير فني عمليات تخدير فني عمليات تخدير فني عمليات تخدير فني عمليات تخدير فني عمليات تخدير فني عمليات تخدير فني عمليات تخدير فني عمليات تخدير فني عمليات تخدير فني عمليات تخدير فني عمليات تخدير فني عمليات تخدير فني عمليات تخدير فني عمليات تخدير فني عمليات تخدير فني عمليات تخدير', 6, 1, '2018-05-09', '2018-05-09', 1, 0, '2018-05-09 12:56:23', '2018-05-09 13:08:40', 1),
(102, 'محاسب قانوني', 1, 'مطلوب ومطلوب ومطلوب مطلوب ومطلوب ومطلوب مطلوب ومطلوب ومطلوب مطلوب ومطلوب ومطلوب مطلوب ومطلوب ومطلوب مطلوب ومطلوب ومطلوب مطلوب ومطلوب ومطلوب مطلوب ومطلوب ومطلوب مطلوب ومطلوب ومطلوب مطلوب ومطلوب ومطلوب مطلوب ومطلوب ومطلوب مطلوب ومطلوب ومطلوب مطلوب ومطلوب ومطلوب مطلوب ومطلوب ومطلوب مطلوب ومطلوب ومطلوب مطلوب ومطلوب ومطلوب مطلوب ومطلوب ومطلوب مطلوب ومطلوب ومطلوب مطلوب ومطلوب ومطلوب مطلوب ومطلوب ومطلوب مطلوب ومطلوب ومطلوب مطلوب ومطلوب ومطلوب مطلوب ومطلوب ومطلوب مطلوب ومطلوب ومطلوب مطلوب ومطلوب ومطلوب مطلوب ومطلوب ومطلوب مطلوب ومطلوب ومطلوب', 6, 1, '2018-05-31', '2018-07-31', 1, 0, '2018-04-25 00:00:00', '2018-05-09 13:12:55', 1);
INSERT INTO `job` (`id`, `title`, `company_id`, `details`, `category_id`, `job_type_id`, `from_date`, `to_date`, `active`, `isdelete`, `created_at`, `updated_at`, `updated_by`) VALUES
(103, 'فني عمليات تخدير', 1, 'فني عمليات تخدير فني عمليات تخدير فني عمليات تخدير فني عمليات تخدير فني عمليات تخدير فني عمليات تخدير فني عمليات تخدير فني عمليات تخدير فني عمليات تخدير فني عمليات تخدير فني عمليات تخدير فني عمليات تخدير فني عمليات تخدير فني عمليات تخدير فني عمليات تخدير فني عمليات تخدير فني عمليات تخدير فني عمليات تخدير فني عمليات تخدير فني عمليات تخدير فني عمليات تخدير فني عمليات تخدير فني عمليات تخدير فني عمليات تخدير فني عمليات تخدير فني عمليات تخدير فني عمليات تخدير فني عمليات تخدير فني عمليات تخدير فني عمليات تخدير فني عمليات تخدير فني عمليات تخدير فني عمليات تخدير فني عمليات تخدير فني عمليات تخدير فني عمليات تخدير فني عمليات تخدير فني عمليات تخدير فني عمليات تخدير فني عمليات تخدير فني عمليات تخدير فني عمليات تخدير فني عمليات تخدير فني عمليات تخدير', 6, 1, '2018-05-09', '2018-05-09', 1, 0, '2018-05-09 12:56:23', '2018-05-09 13:08:40', 1),
(104, 'محاسب قانوني', 1, 'مطلوب ومطلوب ومطلوب مطلوب ومطلوب ومطلوب مطلوب ومطلوب ومطلوب مطلوب ومطلوب ومطلوب مطلوب ومطلوب ومطلوب مطلوب ومطلوب ومطلوب مطلوب ومطلوب ومطلوب مطلوب ومطلوب ومطلوب مطلوب ومطلوب ومطلوب مطلوب ومطلوب ومطلوب مطلوب ومطلوب ومطلوب مطلوب ومطلوب ومطلوب مطلوب ومطلوب ومطلوب مطلوب ومطلوب ومطلوب مطلوب ومطلوب ومطلوب مطلوب ومطلوب ومطلوب مطلوب ومطلوب ومطلوب مطلوب ومطلوب ومطلوب مطلوب ومطلوب ومطلوب مطلوب ومطلوب ومطلوب مطلوب ومطلوب ومطلوب مطلوب ومطلوب ومطلوب مطلوب ومطلوب ومطلوب مطلوب ومطلوب ومطلوب مطلوب ومطلوب ومطلوب مطلوب ومطلوب ومطلوب مطلوب ومطلوب ومطلوب', 6, 1, '2018-05-31', '2018-07-31', 1, 0, '2018-04-25 00:00:00', '2018-05-09 13:12:55', 1),
(105, 'فني عمليات تخدير', 1, 'فني عمليات تخدير فني عمليات تخدير فني عمليات تخدير فني عمليات تخدير فني عمليات تخدير فني عمليات تخدير فني عمليات تخدير فني عمليات تخدير فني عمليات تخدير فني عمليات تخدير فني عمليات تخدير فني عمليات تخدير فني عمليات تخدير فني عمليات تخدير فني عمليات تخدير فني عمليات تخدير فني عمليات تخدير فني عمليات تخدير فني عمليات تخدير فني عمليات تخدير فني عمليات تخدير فني عمليات تخدير فني عمليات تخدير فني عمليات تخدير فني عمليات تخدير فني عمليات تخدير فني عمليات تخدير فني عمليات تخدير فني عمليات تخدير فني عمليات تخدير فني عمليات تخدير فني عمليات تخدير فني عمليات تخدير فني عمليات تخدير فني عمليات تخدير فني عمليات تخدير فني عمليات تخدير فني عمليات تخدير فني عمليات تخدير فني عمليات تخدير فني عمليات تخدير فني عمليات تخدير فني عمليات تخدير فني عمليات تخدير', 6, 1, '2018-05-09', '2018-05-09', 1, 0, '2018-05-09 12:56:23', '2018-05-09 13:08:40', 1),
(106, 'محاسب قانوني', 1, 'مطلوب ومطلوب ومطلوب مطلوب ومطلوب ومطلوب مطلوب ومطلوب ومطلوب مطلوب ومطلوب ومطلوب مطلوب ومطلوب ومطلوب مطلوب ومطلوب ومطلوب مطلوب ومطلوب ومطلوب مطلوب ومطلوب ومطلوب مطلوب ومطلوب ومطلوب مطلوب ومطلوب ومطلوب مطلوب ومطلوب ومطلوب مطلوب ومطلوب ومطلوب مطلوب ومطلوب ومطلوب مطلوب ومطلوب ومطلوب مطلوب ومطلوب ومطلوب مطلوب ومطلوب ومطلوب مطلوب ومطلوب ومطلوب مطلوب ومطلوب ومطلوب مطلوب ومطلوب ومطلوب مطلوب ومطلوب ومطلوب مطلوب ومطلوب ومطلوب مطلوب ومطلوب ومطلوب مطلوب ومطلوب ومطلوب مطلوب ومطلوب ومطلوب مطلوب ومطلوب ومطلوب مطلوب ومطلوب ومطلوب مطلوب ومطلوب ومطلوب', 6, 1, '2018-05-31', '2018-07-31', 1, 0, '2018-04-25 00:00:00', '2018-05-09 13:12:55', 1),
(107, 'فني عمليات تخدير', 1, 'فني عمليات تخدير فني عمليات تخدير فني عمليات تخدير فني عمليات تخدير فني عمليات تخدير فني عمليات تخدير فني عمليات تخدير فني عمليات تخدير فني عمليات تخدير فني عمليات تخدير فني عمليات تخدير فني عمليات تخدير فني عمليات تخدير فني عمليات تخدير فني عمليات تخدير فني عمليات تخدير فني عمليات تخدير فني عمليات تخدير فني عمليات تخدير فني عمليات تخدير فني عمليات تخدير فني عمليات تخدير فني عمليات تخدير فني عمليات تخدير فني عمليات تخدير فني عمليات تخدير فني عمليات تخدير فني عمليات تخدير فني عمليات تخدير فني عمليات تخدير فني عمليات تخدير فني عمليات تخدير فني عمليات تخدير فني عمليات تخدير فني عمليات تخدير فني عمليات تخدير فني عمليات تخدير فني عمليات تخدير فني عمليات تخدير فني عمليات تخدير فني عمليات تخدير فني عمليات تخدير فني عمليات تخدير فني عمليات تخدير', 6, 1, '2018-05-09', '2018-05-09', 1, 0, '2018-05-09 12:56:23', '2018-05-09 13:08:40', 1);

-- --------------------------------------------------------

--
-- Table structure for table `job_seeker`
--

CREATE TABLE `job_seeker` (
  `id` int(11) NOT NULL,
  `job_id` int(11) NOT NULL,
  `seeker_id` int(11) NOT NULL,
  `name` varchar(50) NOT NULL,
  `email` varchar(50) NOT NULL,
  `mobile` varchar(50) NOT NULL,
  `cv` varchar(50) NOT NULL,
  `created_at` datetime NOT NULL,
  `updated_at` datetime NOT NULL
) ENGINE=InnoDB DEFAULT CHARSET=utf8;

--
-- Dumping data for table `job_seeker`
--

INSERT INTO `job_seeker` (`id`, `job_id`, `seeker_id`, `name`, `email`, `mobile`, `cv`, `created_at`, `updated_at`) VALUES
(2, 2, 1, 'محمد', 'mhd@aa.com', '0599808080', 'My CV.docx', '2018-04-30 13:56:40', '2018-04-30 13:56:40'),
(4, 1, 1, 'محمد علي', 'mhd@aa.com', '0599636363', '9b27c8a0-580f-4918-aea2-1224a9e80174.pdf', '2018-05-12 13:32:42', '2018-05-12 13:32:42');

-- --------------------------------------------------------

--
-- Table structure for table `job_type`
--

CREATE TABLE `job_type` (
  `id` int(11) NOT NULL,
  `name` varchar(50) NOT NULL
) ENGINE=InnoDB DEFAULT CHARSET=utf8;

--
-- Dumping data for table `job_type`
--

INSERT INTO `job_type` (`id`, `name`) VALUES
(1, 'دوام كامل'),
(2, 'دوام جزئي');

-- --------------------------------------------------------

--
-- Table structure for table `link`
--

CREATE TABLE `link` (
  `id` int(11) NOT NULL,
  `title` varchar(50) NOT NULL,
  `url` varchar(50) NOT NULL,
  `showinmenu` tinyint(1) NOT NULL,
  `parent_id` int(11) NOT NULL,
  `icon` varchar(50) NOT NULL,
  `type_id` int(11) NOT NULL
) ENGINE=InnoDB DEFAULT CHARSET=utf8;

-- --------------------------------------------------------

--
-- Table structure for table `link_type`
--

CREATE TABLE `link_type` (
  `id` int(11) NOT NULL,
  `name` varchar(50) NOT NULL
) ENGINE=InnoDB DEFAULT CHARSET=utf8;

--
-- Dumping data for table `link_type`
--

INSERT INTO `link_type` (`id`, `name`) VALUES
(1, 'admin'),
(2, 'company'),
(3, 'seeker');

-- --------------------------------------------------------

--
-- Table structure for table `migrations`
--

CREATE TABLE `migrations` (
  `id` int(10) UNSIGNED NOT NULL,
  `migration` varchar(255) COLLATE utf8mb4_unicode_ci NOT NULL,
  `batch` int(11) NOT NULL
) ENGINE=InnoDB DEFAULT CHARSET=utf8mb4 COLLATE=utf8mb4_unicode_ci;

--
-- Dumping data for table `migrations`
--

INSERT INTO `migrations` (`id`, `migration`, `batch`) VALUES
(1, '2014_10_12_000000_create_users_table', 1),
(2, '2014_10_12_100000_create_password_resets_table', 1);

-- --------------------------------------------------------

--
-- Table structure for table `password_resets`
--

CREATE TABLE `password_resets` (
  `email` varchar(50) COLLATE utf8mb4_unicode_ci NOT NULL,
  `token` varchar(500) COLLATE utf8mb4_unicode_ci NOT NULL,
  `created_at` timestamp NULL DEFAULT NULL
) ENGINE=InnoDB DEFAULT CHARSET=utf8mb4 COLLATE=utf8mb4_unicode_ci;

--
-- Dumping data for table `password_resets`
--

INSERT INTO `password_resets` (`email`, `token`, `created_at`) VALUES
('yaser@gmail.com', '$2y$10$.PTOse2pTk3rJdEvN74CJemwA10DNlSl7uL1e5mAD4Iydgzmgj8pS', '2018-05-09 11:28:11');

-- --------------------------------------------------------

--
-- Table structure for table `post`
--

CREATE TABLE `post` (
  `id` int(11) NOT NULL,
  `name` text NOT NULL,
  `content` text NOT NULL
) ENGINE=InnoDB DEFAULT CHARSET=utf8;

-- --------------------------------------------------------

--
-- Table structure for table `seeker`
--

CREATE TABLE `seeker` (
  `id` int(11) NOT NULL,
  `name` varchar(50) NOT NULL,
  `email` varchar(50) NOT NULL,
  `mobile` varchar(50) NOT NULL,
  `gender` char(1) NOT NULL,
  `dob` date DEFAULT NULL,
  `created_at` datetime NOT NULL,
  `updated_at` datetime DEFAULT NULL,
  `updated_by` int(11) DEFAULT NULL,
  `active` tinyint(1) NOT NULL,
  `address` varchar(500) NOT NULL,
  `cv` varchar(50) DEFAULT NULL,
  `isdelete` tinyint(1) DEFAULT NULL,
  `user_id` int(11) DEFAULT NULL
) ENGINE=InnoDB DEFAULT CHARSET=utf8;

--
-- Dumping data for table `seeker`
--

INSERT INTO `seeker` (`id`, `name`, `email`, `mobile`, `gender`, `dob`, `created_at`, `updated_at`, `updated_by`, `active`, `address`, `cv`, `isdelete`, `user_id`) VALUES
(1, 'محمد علي', 'mhd@aa.com', '0599636363', 'M', '1982-04-02', '2018-04-25 00:00:00', '2019-01-30 16:55:20', 1, 1, 'غزة الصبرة', '9b27c8a0-580f-4918-aea2-1224a9e80174.pdf', 0, 2),
(2, 'انتصار', 'intesar@aa.com', '0599266622', '0', '1999-05-05', '2018-05-09 14:50:51', '2018-12-07 18:24:45', 1, 1, 'الرمال', NULL, 0, 7),
(3, 'tttt', 'entesa@gmail.com', '084956', '0', '2018-11-07', '2018-11-19 11:12:20', '2018-11-19 11:12:20', NULL, 1, 'ElRemal, Khaled BnElWaled', NULL, 0, NULL),
(4, 'Entesar ElBanna', 'kokoo.2000@gmail.com', '0592684956', '1', '2019-02-15', '2019-02-04 05:08:09', '2019-02-04 05:08:09', NULL, 1, 'ElRemal', NULL, 0, NULL),
(5, 'Entesar ElBanna', 'seeker@seeker.com', '0592684956', '1', '2019-02-08', '2019-02-04 06:18:34', '2019-02-04 06:18:34', NULL, 1, 'ElRemal', NULL, 0, NULL);

-- --------------------------------------------------------

--
-- Table structure for table `users`
--

CREATE TABLE `users` (
  `id` int(10) UNSIGNED NOT NULL,
  `name` varchar(50) COLLATE utf8mb4_unicode_ci NOT NULL,
  `email` varchar(50) COLLATE utf8mb4_unicode_ci NOT NULL,
  `password` varchar(200) COLLATE utf8mb4_unicode_ci NOT NULL,
  `remember_token` varchar(100) COLLATE utf8mb4_unicode_ci DEFAULT NULL,
  `created_at` timestamp NULL DEFAULT NULL,
  `updated_at` timestamp NULL DEFAULT NULL,
  `api_token` varchar(255) COLLATE utf8mb4_unicode_ci DEFAULT NULL
) ENGINE=InnoDB DEFAULT CHARSET=utf8mb4 COLLATE=utf8mb4_unicode_ci;

--
-- Dumping data for table `users`
--

INSERT INTO `users` (`id`, `name`, `email`, `password`, `remember_token`, `created_at`, `updated_at`, `api_token`) VALUES
(1, 'ياسر فؤاد ابوزهري', 'hadeelmikki10@gmail.com', '$2y$10$sGZD506G7xNipIUC66i.4u1cUt51aWk63pZ7ECG2ci5S8G52SXKH.', '0XPq7GezZJWlXQIe4Save4YgcVfdApSsCyO4iDddKQztkoDOzY9QLNrx3dVl', '2018-05-05 10:18:12', '2018-05-12 11:23:21', ''),
(2, 'محمد علي', 'mhd@aa.com', '$2y$10$/rbPmP9qgtWF4BYgtTyglOoaV9lU1GJFC8frGLrkhI1IxT4Jlvoue', 'XoGmXdNSPYugmnehCgX22PuWswMK8Xmv9j56WLs5ihuDNdkGqAID57oa2mIo', '2018-05-05 10:22:56', '2018-05-16 11:42:03', 'BwQWu0jxpKra1IK5xR2peOR7F96ceDBklmLlJ2WBoIoPg1QLZxihFKy4F3F9ESkNxyHLzsOMwCpMcQURNp8NgdReMQXM7GjA4srD'),
(3, 'info', 'info@info.ps', '$2y$10$iPO4Owku5D/odckE6MTWVeTsMcvdo3K.y9AA9jsWXwsJlRhDnRk0G', 'dGhYyuTh8LIc8bLifwBBHx1q4PKxXZZiD0ZaSvihhMOYmZqHOPiBzIpea9Hy', '2018-05-05 10:23:26', '2018-05-05 10:23:26', ''),
(4, 'شركة السقا', 'info@saqqa.com', '$2y$10$OfKGnMEn1whmpmqs5RS32uCBWBxpYfvwaSjQmUWDWs5INvpRVvdIW', 'WXnV8zsFO0RppvzAuy1a1PVsbe3a62FK8orCeOfuMOG9bCz0wgxYWYrg32sg', '2018-05-05 10:23:49', '2018-05-05 10:23:49', ''),
(6, 'ياسر يا هو', 'yaser@yahoo.com', '$2y$10$.B3Vw6UxcZJ4/7zMJTigIuMp07LqtJBnsNpwfg/qdrsTYWpDT6n3m', NULL, '2018-05-05 10:51:29', '2018-05-05 10:51:29', ''),
(7, 'انتصار', 'intesar@aa.com', '$2y$10$K6LjC6YoGrbXa02Ez2fPJ.mhJrM4jjLLbSD/IHtkFPgZVTNun6WkG', NULL, '2018-05-09 11:50:51', '2018-05-09 11:50:51', ''),
(8, 'Entesar', 'entesar.2000banna@gmail.com', '$2y$10$lTRGLUX5Hz10ETSeUQIJgeIsOKZ1TFNtejp7aGBlTxMXvjgRGpOj2', 'ZJ5uwD44GJLC5SEtxn1qrmQnNDz1ysewXnR3IbYsNT3vbzc6eM9Hx27IK28Y', '2018-07-03 15:35:43', '2018-08-02 03:29:36', NULL),
(9, 'tttt', 'entesa@gmail.com', '$2y$10$0mT9NzaqntlBwD4qXotOseV1L/YjscJ6XfpQBywStRZGj3AOzOID6', NULL, '2018-11-19 09:12:19', '2018-11-19 09:12:19', NULL),
(10, 'Entesar ElBanna', 'info@saqqa2.com', '$2y$10$0Xi/CJgecfkyeAr3a0s05e00uGtqNJ4hYxwrtedrFjRrnJ0tXZpfa', 'CNveS3TPrOsZeiBxKS7DYSGAH7sLUZ1TwozbBS9CnNCyJQRo35hPT6h7oEQU', '2019-02-04 04:16:10', '2019-02-04 04:16:10', NULL),
(11, 'Entesar ElBanna', 'seeker@seeker.com', '$2y$10$BecdYqABoi6kzbgzewTb9.N3FePDeI85HEwHbGXaju2NBm5xkwt2i', '5TpT9tQg7GV6t1O1tcEs2t8QpqUqf2OKUs1nyGm2YMLUwqYjdldbXX0svtbv', '2019-02-04 04:18:34', '2019-02-04 04:18:34', NULL);

--
-- Indexes for dumped tables
--

--
-- Indexes for table `admin`
--
ALTER TABLE `admin`
  ADD PRIMARY KEY (`id`);

--
-- Indexes for table `admin_link`
--
ALTER TABLE `admin_link`
  ADD PRIMARY KEY (`admin_id`,`link_id`);

--
-- Indexes for table `category`
--
ALTER TABLE `category`
  ADD PRIMARY KEY (`id`);

--
-- Indexes for table `comment`
--
ALTER TABLE `comment`
  ADD PRIMARY KEY (`id`);

--
-- Indexes for table `company`
--
ALTER TABLE `company`
  ADD PRIMARY KEY (`id`);

--
-- Indexes for table `job`
--
ALTER TABLE `job`
  ADD PRIMARY KEY (`id`);

--
-- Indexes for table `job_seeker`
--
ALTER TABLE `job_seeker`
  ADD PRIMARY KEY (`id`);

--
-- Indexes for table `job_type`
--
ALTER TABLE `job_type`
  ADD PRIMARY KEY (`id`);

--
-- Indexes for table `link`
--
ALTER TABLE `link`
  ADD PRIMARY KEY (`id`);

--
-- Indexes for table `link_type`
--
ALTER TABLE `link_type`
  ADD PRIMARY KEY (`id`);

--
-- Indexes for table `migrations`
--
ALTER TABLE `migrations`
  ADD PRIMARY KEY (`id`);

--
-- Indexes for table `password_resets`
--
ALTER TABLE `password_resets`
  ADD KEY `password_resets_email_index` (`email`);

--
-- Indexes for table `post`
--
ALTER TABLE `post`
  ADD PRIMARY KEY (`id`);

--
-- Indexes for table `seeker`
--
ALTER TABLE `seeker`
  ADD PRIMARY KEY (`id`);

--
-- Indexes for table `users`
--
ALTER TABLE `users`
  ADD PRIMARY KEY (`id`),
  ADD UNIQUE KEY `users_email_unique` (`email`);

--
-- AUTO_INCREMENT for dumped tables
--

--
-- AUTO_INCREMENT for table `admin`
--
ALTER TABLE `admin`
  MODIFY `id` int(11) NOT NULL AUTO_INCREMENT, AUTO_INCREMENT=6;

--
-- AUTO_INCREMENT for table `category`
--
ALTER TABLE `category`
  MODIFY `id` int(11) NOT NULL AUTO_INCREMENT, AUTO_INCREMENT=14;

--
-- AUTO_INCREMENT for table `comment`
--
ALTER TABLE `comment`
  MODIFY `id` int(11) NOT NULL AUTO_INCREMENT, AUTO_INCREMENT=3;

--
-- AUTO_INCREMENT for table `company`
--
ALTER TABLE `company`
  MODIFY `id` int(11) NOT NULL AUTO_INCREMENT, AUTO_INCREMENT=7;

--
-- AUTO_INCREMENT for table `job`
--
ALTER TABLE `job`
  MODIFY `id` int(11) NOT NULL AUTO_INCREMENT, AUTO_INCREMENT=108;

--
-- AUTO_INCREMENT for table `job_seeker`
--
ALTER TABLE `job_seeker`
  MODIFY `id` int(11) NOT NULL AUTO_INCREMENT, AUTO_INCREMENT=5;

--
-- AUTO_INCREMENT for table `job_type`
--
ALTER TABLE `job_type`
  MODIFY `id` int(11) NOT NULL AUTO_INCREMENT, AUTO_INCREMENT=3;

--
-- AUTO_INCREMENT for table `link`
--
ALTER TABLE `link`
  MODIFY `id` int(11) NOT NULL AUTO_INCREMENT;

--
-- AUTO_INCREMENT for table `link_type`
--
ALTER TABLE `link_type`
  MODIFY `id` int(11) NOT NULL AUTO_INCREMENT, AUTO_INCREMENT=4;

--
-- AUTO_INCREMENT for table `migrations`
--
ALTER TABLE `migrations`
  MODIFY `id` int(10) UNSIGNED NOT NULL AUTO_INCREMENT, AUTO_INCREMENT=3;

--
-- AUTO_INCREMENT for table `post`
--
ALTER TABLE `post`
  MODIFY `id` int(11) NOT NULL AUTO_INCREMENT;

--
-- AUTO_INCREMENT for table `seeker`
--
ALTER TABLE `seeker`
  MODIFY `id` int(11) NOT NULL AUTO_INCREMENT, AUTO_INCREMENT=6;

--
-- AUTO_INCREMENT for table `users`
--
ALTER TABLE `users`
  MODIFY `id` int(10) UNSIGNED NOT NULL AUTO_INCREMENT, AUTO_INCREMENT=12;
COMMIT;

/*!40101 SET CHARACTER_SET_CLIENT=@OLD_CHARACTER_SET_CLIENT */;
/*!40101 SET CHARACTER_SET_RESULTS=@OLD_CHARACTER_SET_RESULTS */;
/*!40101 SET COLLATION_CONNECTION=@OLD_COLLATION_CONNECTION */;
